CVEGEO,ingreso_2022,hogares
01001,28609.32273983357,266778
01002,17167.31205727447,12542
01003,20459.16457416956,15546
01004,17342.63378457803,3937
01005,23692.3416245961,33214
01006,19340.4627340604,11456
01007,21591.08431647467,13572
01008,16071.3604314632,2381
01009,17240.11543890183,5422
01010,18517.99331072377,5210
01011,19584.485868075,16387
02001,26580.11046805993,139850
02002,29328.14307064477,330356
02003,29101.1037376571,31140
02004,31777.94575462513,576708
02005,26876.31133632653,38109
02006,11841.6324716778,32750
03001,22328.0689698815,22216
03002,22412.98434242453,19402
03003,29476.7446756188,91287
03008,35074.45781336667,101934
03009,23203.05701015117,5629
04001,16961.6563236774,15287
04002,21115.43400338666,85297
04003,23615.22594239193,72094
04004,15346.82452043243,21470
04005,15169.68000371437,8291
04006,14089.29017369373,10241
04007,15253.84249394997,2546
04008,14856.65362840907,3066
04009,13954.49202477597,16833
04010,11132.0081811308,8037
04011,11920.27599497157,13289
04012,14975.34806212103,4274
05001,18425.9452738763,363
05002,22413.3515039643,47231
05003,20410.0319242589,6850
05004,20537.60072791993,8633
05005,16654.01778785203,471
05006,20843.72403514013,8379
05007,19254.66489712837,3776
05008,16196.8148382573,908
05009,16988.7010921092,15897
05010,21922.8451612454,23366
05011,20869.21794531463,3402
05012,21902.9753829571,521
05013,18194.1650189406,492
05014,18323.0646048577,2727
05015,16586.21107935423,486
05016,18346.82399728933,553
05017,19194.24041309067,31201
05018,26407.53683008393,69886
05019,20129.91152246476,2332
05020,18071.86910010203,20657
05021,18058.2184411086,1973
05022,25021.01856111594,9372
05023,13702.5762351603,2663
05024,18191.47362053646,12719
05025,27790.1312420362,51705
05026,18295.0805151592,994
05027,27771.90642039376,34386
05028,22773.41478250787,20212
05029,21252.11287959783,725
05030,29321.18575510207,242588
05031,21368.87645196727,7622
05032,22003.27903163903,13094
05033,17363.94619481724,26577
05034,16834.6364586276,1924
05035,25282.24429348667,215039
05036,14820.83469464093,5353
05037,16067.51204414087,1820
05038,18625.9831815272,3986
06001,18109.4151717315,8224
06002,24908.20067764644,50352
06003,17845.44624237333,6300
06004,17727.86294716743,6189
06005,21679.771067341,9322
06006,16446.8623113815,1711
06007,24045.2213515888,59761
06008,20270.8715857179,2913
06009,21012.98171280707,33001
06010,24387.00771655027,49080
07001,11529.07830212603,4415
07002,12459.15100421083,5431
07003,13164.27958581723,7604
07004,8180.585839789132,7969
07005,10031.60259319207,5663
07006,9200.6107634046,7580
07007,8720.986213922533,2559
07008,10936.68097280763,7296
07009,11410.34791689993,12358
07010,8320.487468416966,1567
07011,8033.051033339801,4523
07012,13374.2889681854,16192
07013,11277.45861760247,8407
07014,8594.9033103721,5049
07015,11315.37257551303,12144
07016,12888.66834755773,4785
07017,14733.11125974847,21765
07018,8815.841567801966,2444
07019,15497.0967557277,44427
07020,10393.134731223,12251
07021,12573.85931992717,6055
07022,7909.696911172733,4819
07023,9820.100760457033,22654
07024,8271.184810264333,2188
07025,10101.98356139047,1722
07026,7564.900541830567,9503
07027,16018.04274993747,29647
07028,10207.45729745133,1627
07029,12486.2273696307,1476
07030,10236.17003799503,8807
07031,8623.4860762586,26645
07032,10097.58374321783,7880
07033,8012.604036637134,1511
07034,11548.93999503353,20188
07035,12889.80292017294,3694
07036,9800.552179980266,1537
07037,15380.2610757749,9562
07038,8551.5095487344,4599
07039,9516.1892484871,6278
07040,16507.1344183579,14269
07041,8130.174255874367,11084
07042,9306.103911399534,2607
07043,12624.85080993397,2659
07044,10062.537453412,6166
07045,10060.29251543243,1533
07046,12970.05156830177,11277
07047,9276.9063259434,5441
07048,15416.34655125493,6094
07049,8271.557603072666,5986
07050,12574.42339206483,1586
07051,13181.1781640673,12775
07052,6286.318717870833,28902
07053,10503.11542994477,1695
07054,12666.3203314553,7814
07055,12459.91369700177,1574
07056,8500.545432998768,2710
07057,12249.7530190477,16607
07058,7362.264709607367,1049
07059,10345.39039119607,46858
07060,8000.641843645732,2927
07061,14421.9505631364,23902
07062,11667.24956063033,4487
07063,9836.1486990025,1042
07064,8173.448955462133,10102
07065,13241.97443119463,33695
07066,7776.2618601189,4929
07067,9998.484814502866,2936
07068,17995.06375426213,8600
07069,14314.24891916547,14935
07070,8865.569467853666,2403
07071,12222.1251276855,7679
07072,9588.976175509333,6503
07073,9864.586076441201,2404
07074,20312.46697181467,12520
07075,11611.9467623008,7227
07076,7956.803285510534,6774
07077,9731.187695968734,14749
07078,18190.18182110227,52666
07079,11589.40488746543,10482
07080,8265.749704783366,5206
07081,9156.3512186032,10715
07082,7204.516954741266,3221
07083,10341.02807019903,5061
07084,10515.31262940833,2058
07085,9813.168967237167,2567
07086,14860.3178488454,6362
07087,14692.7313531633,11041
07088,9163.3968251152,561
07089,16146.91031435063,96211
07090,9420.5418958558,1100
07091,12116.35196597833,3459
07092,12498.9228029559,5798
07093,8507.789856441766,9206
07094,11587.17702597733,11176
07096,8273.3122931896,17994
07097,14601.12798288107,25567
07098,8210.945642550067,1735
07099,10635.95869723693,20860
07100,8586.6986404822,7967
07101,20803.7348009362,166151
07102,12511.33244831723,10632
07103,10997.2342463461,7709
07104,10255.20488980237,4669
07105,10978.24006834383,3936
07106,11169.996007354,17901
07107,9192.680735502334,16820
07108,14333.22900937793,29270
07109,13429.89990420067,8748
07110,7405.804378133933,1831
07111,8915.208024209767,9128
07112,6383.733311865833,6960
07113,7167.196055526633,1653
07114,12071.99314766317,5473
07115,10520.62935628033,2951
07116,8617.259523207067,2897
07117,6799.979338483733,1829
07118,8097.696515598567,1311
07119,7148.856643758267,911
07120,10697.47328631303,805
07121,9091.596498148434,1847
07122,10209.82681866563,4265
07123,10068.57313852153,2839
07124,11041.3949760708,5809
07125,9822.8401501641,2344
08001,29321.34757644474,4227
08002,21316.4244532323,8238
08003,20497.7690002467,2746
08004,18756.44612017093,7102
08005,21479.7129653873,7923
08006,18789.32939112747,2002
08007,11597.68720672207,4314
08008,8928.576467931167,2823
08009,17406.67699654833,7543
08010,22374.3672330609,7828
08011,17893.1442769325,15672
08012,13582.25244049157,2230
08013,20044.11482067547,3708
08014,19530.9889447202,673
08015,19551.28313085033,445
08016,18986.7328570386,1166
08017,26121.96487881893,56914
08018,28727.6476131549,1700
08019,31142.57531102783,300786
08020,16464.09220777913,1787
08021,24224.30020804297,47679
08022,15579.6996314372,958
08023,22314.50647458763,1821
08024,23819.29531991367,1290
08025,20868.80730658597,2549
08026,20458.62838056593,913
08027,8945.656855141033,13503
08028,25388.00549930073,1364
08029,11045.1180776991,12221
08030,10585.99016570487,2222
08031,18410.53428275536,11820
08032,24561.49244150793,34411
08033,14209.87057886283,281
08034,18731.05124364777,1952
08035,21797.98551179397,3232
08036,18761.95573270933,11831
08037,30581.03521455457,449452
08038,14392.07777758737,1686
08039,19235.80762933427,1286
08040,21810.93030747753,8123
08041,11516.43918782033,452
08042,19611.4431239403,469
08043,16348.3966980531,990
08044,18684.7526240427,1373
08045,14722.95660094127,13837
08046,10297.9724218662,1868
08047,11135.45775482163,1344
08048,19538.64989454986,7744
08049,14104.3813857921,840
08050,24064.5875921763,20932
08051,17609.38570806227,2377
08052,23513.9142803545,8218
08053,14313.5885220528,1677
08054,31235.2021491573,2180
08055,16948.4788397727,5320
08056,14257.5534091972,681
08057,15466.23275390333,799
08058,18803.84046764147,929
08059,24089.82056518043,1559
08060,18262.66148644253,3451
08061,24700.7324394484,1222
08062,19936.8945378678,9045
08063,13481.52476846,1862
08064,16591.89550128053,472
08065,12191.7027924053,4789
08066,10961.34337670697,1882
08067,20014.92428432464,1662
09002,26481.47318140423,134168
09003,31767.70483834243,191517
09004,30484.3386334011,60436
09005,25565.25120128383,340155
09006,26983.205043938,117720
09007,24285.30933037397,504365
09008,28841.72201058103,68089
09009,18115.790627496,39100
09010,31604.41105413293,219354
09011,20408.01638346117,106935
09012,30492.1005558555,202318
09013,23305.46176458086,117113
09014,53845.05556758267,176053
09015,34567.33041659666,196466
09016,39982.43875363367,146762
09017,26743.68642454686,135768
10001,15325.4706131788,8728
10002,12131.13118974717,1159
10003,10576.24441090963,1057
10004,17787.23181737797,9339
10005,22001.1086512614,186768
10006,14114.4600440286,2630
10007,20336.7670867178,102717
10008,16229.2985906471,10079
10009,15268.17126370377,2880
10010,14567.17601188967,1185
10011,14600.49838862177,1440
10012,19466.18947439207,44713
10013,18451.20237937107,6935
10014,9605.606178955966,9316
10015,16763.33736913553,3521
10016,16476.8782379353,5296
10017,17153.90066299777,2646
10018,18443.48694885827,3258
10019,12864.74669864367,1153
10020,13687.1512083733,3621
10021,13590.7894906154,3026
10022,15848.27781612377,6855
10023,5941.8164640635,12062
10024,13370.67637841553,3471
10025,14417.4889523605,977
10026,10834.77824488237,4522
10027,10361.0097996869,1473
10028,15275.1078586096,3124
10029,11499.74010822323,590
10030,11314.2217966133,491
10031,13540.5190006121,1886
10032,17851.86591969627,13559
10033,13772.16040577967,1859
10034,13426.13254314157,6103
10035,16909.7217565877,3471
10036,17247.2062247251,5686
10037,12572.2268998701,2310
10038,18123.47330251256,6363
10039,16671.43823574573,7429
11001,15391.56660293433,22275
11002,16644.9351483454,30171
11003,16058.33170745057,44543
11004,15463.2470393965,16165
11005,18236.02167254637,31264
11006,11084.40385893537,1558
11007,19027.76385235507,143420
11008,14294.0145051968,11183
11009,17181.23958251333,19536
11010,16812.89053736717,3133
11011,18856.79811093407,25373
11012,15992.1719754406,8160
11013,20875.90277828017,6761
11014,17886.6946415503,38964
11015,23670.5573546932,51675
11016,15916.4889516715,5372
11017,20449.7112790945,151888
11018,16354.88437111107,9994
11019,12729.80208283233,13760
11020,23522.33731394753,440662
11021,16794.40151705993,14271
11022,17180.01486682287,6134
11023,16348.3123159673,39604
11024,17942.2121375021,3281
11025,24011.2261589946,19865
11026,16435.6356184052,16202
11027,20748.65439338733,74971
11028,17718.57432425643,25786
11029,17260.28640240303,10165
11030,15968.02801917793,27991
11031,21198.35248789303,32211
11032,23147.68581387274,22741
11033,19462.9359134934,30386
11034,15577.796008259,1550
11035,17099.0564387067,19426
11036,17784.24867009733,2002
11037,23284.7401147986,46602
11038,18120.00577051067,3189
11039,15490.9033770052,10193
11040,12486.50440925457,4904
11041,11183.10050237983,17350
11042,16694.17549645237,37795
11043,16528.10578005496,5471
11044,19633.03225708733,16398
11045,11681.5206558011,3011
11046,14922.5470010952,19175
12001,14563.8030625673,223924
12002,9623.808087359399,5777
12003,10491.29259245563,9265
12004,9094.4195455345,4038
12005,11613.00245667573,1923
12006,12109.03440388827,2911
12007,13968.1542079048,8950
12008,11072.18540366647,2460
12009,11082.34672661073,1274
12010,7176.627969305767,6878
12011,5754.579273111033,17766
12012,13273.0207294403,15816
12013,11150.0042483299,4306
12014,12113.13717286257,5067
12015,13370.1095295321,4027
12016,10188.9801779451,3482
12017,15659.82936080233,4302
12018,12086.2099526845,4168
12019,9504.1207745095,3481
12020,6930.557609123367,4590
12021,12783.51647214623,21377
12022,13050.3298487612,10730
12023,12892.53154203423,7445
12024,11186.5251697577,1971
12025,11105.37159277127,4385
12026,9747.602792549033,2419
12027,11710.56790010573,6209
12028,14412.15749079103,29650
12029,19938.41638972703,72480
12030,13742.51090014187,5742
12031,11226.82109156767,1601
12032,10014.21274058727,8464
12033,12695.71734438127,4620
12034,13233.91003210133,10531
12035,18777.173545099,42874
12036,12030.82792750067,3021
12037,12948.36631312367,1685
12038,16977.09594893923,37359
12039,12761.09182964727,7148
12040,9315.191017037134,6421
12041,11863.9257199484,6742
12042,11028.87037221407,4868
12043,10441.02296045107,3890
12044,13055.07922088047,3263
12045,10110.26992211703,6666
12046,13596.4771657562,17229
12047,10043.1935015442,1684
12048,10783.52242110903,12972
12049,12224.0179097913,3583
12050,14740.07188317517,10209
12051,11508.00028625727,8969
12052,12006.49818053087,10594
12053,10692.88185618367,13959
12054,10323.15416711887,5749
12055,13999.86568378403,29987
12056,14418.3459751998,11575
12057,13918.37853977383,19717
12058,14693.4256985456,13901
12059,12660.6329303363,8803
12060,10924.21454300114,3738
12061,16686.44327387727,11055
12062,10135.2555614066,4932
12063,11166.6687825496,2537
12064,12489.31106065647,3422
12065,11551.14396282023,1890
12066,15338.7981139786,21604
12067,15078.8534856521,5860
12068,14701.05881799087,7708
12069,10877.65810150837,2524
12070,11931.99512625623,2029
12071,9586.264545880667,7710
12072,11863.45998260143,3028
12073,12870.11590312347,4972
12074,11947.00555689543,5806
12075,14832.91456079887,12500
12076,8503.300972096667,8938
12077,12290.0165814069,3920
12078,8822.079575384932,4166
12079,9033.7730926406,3958
12080,12666.9211761363,2139
12081,9645.523663193266,2710
13001,14121.53109450027,5869
13002,12038.95345126147,10442
13003,17850.19553670384,16266
13004,13816.2213628468,2854
13005,18571.61718952413,5174
13006,13551.6860621002,5521
13007,15188.75436898637,3560
13008,15391.17773398793,12927
13009,15442.57992586327,5258
13010,21988.78485574543,8714
13011,12520.72360498427,5304
13012,16255.52063426953,8380
13013,18043.1503339712,17766
13014,12873.01752074293,4736
13015,13631.50510917993,5189
13016,14527.3296553176,16085
13017,11850.70629187297,3887
13018,10703.19214511753,6256
13019,14642.914760083,5158
13020,11982.23969005923,847
13021,15614.2469383474,4158
13022,19063.877942096,4834
13023,16896.00894636493,9700
13024,15800.96155084283,4744
13025,11851.45395489057,5541
13026,9499.200032012966,3035
13027,8401.363742277566,6266
13028,17025.77283256537,31513
13029,17527.3925602013,12880
13030,16832.67363065987,26586
13031,12276.04014460507,3744
13032,12189.16093834587,2667
13033,12161.820994371,955
13034,14622.09365850937,2603
13035,13915.82997579847,3272
13036,18567.3690719082,2834
13037,13524.03320146987,6233
13038,14368.97491130343,2533
13039,20176.4333728418,3688
13040,10419.29626133827,2929
13041,16985.76420843787,12703
13042,15198.44506110443,3336
13043,11673.7746988437,1755
13044,14237.22498180683,5145
13045,15521.96706696993,2506
13046,11634.91608261097,10227
13047,11971.52246674577,1430
13048,24024.14691322543,93242
13049,11963.10135904703,4878
13050,18548.26083300253,6308
13051,22271.7291934439,63885
13052,19430.03575302377,10401
13053,10301.2727378953,5001
13054,14514.70908258863,9807
13055,15480.56718398437,5050
13056,16527.89555229733,11135
13057,16263.6403009101,4096
13058,14737.17320044503,5096
13059,14600.58068404286,10216
13060,12029.2430753266,4628
13061,21599.28091909927,16487
13062,10657.0197607544,7490
13063,20249.41444187493,24686
13064,14009.4414726286,3257
13065,18300.7534193572,3088
13066,19120.6682983805,3444
13067,16740.91492751207,14843
13068,11288.84602564,4026
13069,18259.83920553456,47529
13070,19058.16220790367,4917
13071,10801.3919747439,2850
13072,18233.55272595533,3187
13073,11017.41487997733,9550
13074,18759.90615575993,7034
13075,16865.849221898,6014
13076,19516.7276576844,33318
13077,18247.27497048747,45953
13078,7294.914125843033,4361
13079,14405.22490079373,2207
13080,9951.535066266033,6277
13081,18000.54643554913,10594
13082,17340.3530789681,5849
13083,23529.5172238591,17477
13084,18203.5823102678,10983
14001,21283.41764208903,6408
14002,22886.9220172802,6372
14003,19955.45794426587,6519
14004,19436.45093314367,1588
14005,24412.4653844421,4213
14006,19412.88705461897,17361
14007,15996.347290348,2665
14008,22024.79328322327,22770
14009,20508.19426759387,5681
14010,17882.86370433027,1820
14011,14060.64848138293,1530
14012,17964.48042195593,1311
14013,20476.13839401937,17398
14014,17948.8261553772,2535
14015,24755.44280800804,18887
14016,17918.4716773189,10738
14017,16639.65860639234,3539
14018,24147.09518211594,17717
14019,14128.55140102513,1617
14020,16739.5437644388,3182
14021,19486.9764619226,6239
14022,22517.6631453893,11530
14023,25842.96101022687,31449
14024,20380.9014359407,8131
14025,19184.0832476704,5721
14026,15497.01507119533,1847
14027,12609.99521438173,4961
14028,18016.7751448676,678
14029,16978.05891977123,4923
14030,24250.29312645564,16339
14031,13677.4845345455,891
14032,14367.40303507503,1468
14033,19247.0771083761,5934
14034,15739.5730779637,659
14035,17758.56501216433,14385
14036,20737.19775239557,5377
14037,21346.83608782303,7458
14038,18042.00591518567,1270
14039,25890.02605714543,398543
14040,15272.68475220493,2306
14041,16541.58310703267,1779
14042,15931.50212245503,2691
14043,19671.58138069023,7002
14044,18593.18473237387,19707
14045,21178.83586779413,5758
14046,21122.14454452484,8931
14047,17113.95961399173,6227
14048,22772.53024928397,5419
14049,13107.9136797024,2551
14050,20163.75231243804,11057
14051,17543.618822095,8701
14052,16365.07763525013,1603
14053,21706.66820299613,45022
14054,17927.38367644877,1790
14055,19090.42912723173,5855
14056,13280.735491909,573
14057,18234.04044905067,1248
14058,19748.30889360423,4312
14059,19932.39116111793,3676
14060,16152.2578870311,1634
14061,12573.40253101453,4715
14062,19435.8590235927,1079
14063,20935.73788871496,29112
14064,15659.82417546517,8292
14065,17873.41764315166,3560
14066,18813.48228773537,12367
14067,26153.4754462194,86523
14068,16592.83126491803,3431
14069,15604.5196058918,2402
14070,21765.991769303,59134
14071,17964.0766170883,815
14072,16005.17106161213,1980
14073,22091.79352888263,18652
14074,18777.37197762117,4784
14075,15986.67605157693,1029
14076,14328.41712439377,861
14077,20241.86257943463,8122
14078,21902.60719810737,8824
14079,18924.23705664017,3937
14080,17419.60069263363,1578
14081,13143.89371650663,1081
14082,20315.80569174987,9439
14083,22592.16151329194,24941
14084,18046.6397914506,4393
14085,25883.9311096318,11553
14086,19726.94459200726,4831
14087,17216.17357597667,4881
14088,20317.51318183813,4998
14089,18945.9934639648,1096
14090,20755.162588459,2259
14091,17738.13107295107,11045
14092,19053.24983882323,3277
14093,24412.46114952297,40868
14094,22751.70254073313,11140
14095,18752.2940513522,2711
14096,16370.21790738317,6311
14097,23145.8507260482,212301
14098,25425.23307958193,185279
14099,16804.47360342257,2618
14100,16652.34874742477,10378
14101,22864.05643402777,150488
14102,19096.23165782107,1810
14103,17027.78128652127,2154
14104,16915.76791783427,1329
14105,19822.3430163879,6478
14106,20807.12596481617,1283
14107,18073.3700458247,1755
14108,18524.57488039804,9649
14109,19596.06157077753,4941
14110,19931.94761054927,4125
14111,21404.7613207059,1858
14112,20773.5406562966,1881
14113,20125.737361558,4207
14114,19468.09483968917,5086
14115,15431.57593635917,1658
14116,16104.05049997967,5610
14117,17201.87064713697,1396
14118,18675.70267452037,6933
14119,20837.6997350483,7743
14120,28535.7758868383,425194
14121,19498.20776545853,9041
14122,14638.3957910615,1963
14123,20078.59335832007,5168
14124,20979.57639851683,17972
14125,20665.0734972148,4891
15001,10424.3391079951,17393
15002,17233.16022017003,45395
15003,14590.01864716963,13109
15004,11376.10524574567,4189
15005,13168.8085647714,42209
15006,17984.55611386277,2925
15007,12315.08832585137,6079
15008,10433.96812340797,6936
15009,17639.94490210787,13447
15010,21354.3039284653,8169
15011,14162.82069121537,18733
15012,23746.58900281963,2856
15013,24024.8631870515,150367
15014,18538.7137764095,27878
15015,14169.42389450567,7506
15016,16379.28000591753,7756
15017,15514.29656306717,2591
15018,15925.1321773395,17283
15019,17048.93272232963,8346
15020,23535.30521409314,89711
15021,14947.43029338147,9286
15022,17699.30859665587,3887
15023,17360.42664295077,9865
15024,21206.61481206833,52208
15025,17491.8916450075,104440
15026,13853.89483394223,7853
15027,16463.95655723167,3374
15028,17814.17999815023,7779
15029,16412.6764585901,54664
15030,19152.21622717296,6127
15031,15415.4992092467,180767
15032,11635.22479160993,8467
15033,18680.23350566757,448623
15034,13083.3795941161,2712
15035,19683.35234658487,46672
15036,14790.43685781697,11576
15037,25573.4668513541,82032
15038,18050.8770733337,3016
15039,17501.60684813717,146962
15040,14613.9077782331,9852
15041,10493.5406328636,1679
15042,15987.5316158235,38306
15043,13956.38483441963,7101
15044,16395.1185514893,7638
15045,18638.84935880713,22962
15046,17348.81336632087,5045
15047,12659.12805400327,19033
15048,17135.42898527327,17749
15049,13140.318704887,3592
15050,14328.15514629917,6884
15051,18657.750962621,42543
15052,12403.89161960137,7410
15053,18656.95336293193,15278
15054,23503.06555898013,68140
15055,18392.33528820377,3302
15056,13603.9251876986,8174
15057,26061.28511641243,240186
15058,18032.7812110088,297958
15059,14978.6164230372,15855
15060,18338.89452308286,114765
15061,17994.8991379291,2888
15062,19646.46054339447,17335
15063,12383.34404925167,8791
15064,16062.23878297893,9215
15065,17715.22541881773,9307
15066,12263.93312948233,1271
15067,15441.66176364727,20530
15068,15437.29088992707,7266
15069,16760.9595452539,1231
15070,16869.01960257437,78179
15071,18730.45951778307,4018
15072,16429.92998067497,3772
15073,17291.82959752103,8524
15074,11548.65992444913,32829
15075,17010.36293431137,7703
15076,19503.1468252925,23062
15077,11538.78291940533,1719
15078,12095.68185913923,2631
15079,17679.586769283,3964
15080,11689.49687058367,6185
15081,18964.6698733127,164394
15082,11614.45185729063,19851
15083,17186.58849868443,3731
15084,14594.89827381687,11582
15085,10466.25750405947,17310
15086,12173.81120687393,8632
15087,12912.0570570668,24079
15088,13633.75303818473,25558
15089,16316.99791307803,2876
15090,11894.69235698487,21103
15091,21315.38421711076,16139
15092,19386.85701901733,15798
15093,17746.53107802213,8422
15094,14770.67226390087,5115
15095,20513.7252422168,27116
15096,16760.89215369687,10664
15097,13693.62060184923,4586
15098,15144.89952369727,1450
15099,19758.383161525,72078
15100,14573.20985150083,12202
15101,17912.67746769677,20101
15102,17424.19058172953,4487
15103,16504.77266221687,12817
15104,27659.6780215538,199795
15105,11168.71262312673,8561
15106,21932.67856731587,239734
15107,15873.55631024567,3602
15108,18982.2638694999,42774
15109,17577.64281883977,145951
15110,20560.19231250227,16129
15111,11415.28605162347,12510
15112,14805.15710699147,12925
15113,14970.4027627293,17531
15114,12458.60915729257,24242
15115,16007.2261458133,13112
15116,15692.99320032127,1380
15117,10712.9383269481,3562
15118,13530.03809462373,48807
15119,10514.65268887643,4556
15120,12765.73674262593,78021
15121,26796.07229248777,160806
15122,15587.33322998483,104414
15123,12570.20824492617,7302
15124,10566.87049181243,21812
15125,17146.7094877559,3958
16001,15048.98138204257,2926
16002,13638.8376523097,4312
16003,20699.56815019413,5815
16004,13821.64680365443,4157
16005,12961.87606549483,2652
16006,16226.03956648217,34303
16007,22114.44642838497,884
16008,11945.4595258163,5788
16009,18025.96835556153,9346
16010,15133.51877562533,5754
16011,15997.49355735323,3133
16012,14652.74733904813,12695
16013,11928.21870599823,2523
16014,18575.819005497,4709
16015,15806.67644139817,5299
16016,17792.52244581803,5915
16017,13543.36825580127,9145
16018,14711.35271127647,2407
16019,17606.92779721017,5917
16020,14980.77796113723,7362
16021,13168.90326400157,3591
16022,15139.45939981463,5618
16023,18758.50417438603,3033
16024,13718.75375350037,4819
16025,15572.37989751387,9518
16026,12072.844307907,1320
16027,13403.66133645957,1462
16028,19072.65353792667,1686
16029,11386.82345542017,3159
16030,18443.3395760058,3658
16031,13932.21097215207,4609
16032,13775.17967452423,3946
16033,14801.1087719414,6178
16034,16598.01175922753,31174
16035,12871.13349231767,8397
16036,17053.42764178427,3415
16037,15275.89777864003,2512
16038,16252.98601946587,12188
16039,14831.86220638277,2236
16040,14212.75597321653,4650
16041,14359.00377307817,4159
16042,14053.54506833004,3951
16043,19670.41842043143,17941
16044,17029.27887148727,3944
16045,20315.28613256893,10577
16046,15720.863522106,4082
16047,13485.49106307933,5050
16048,15898.30083159966,1501
16049,14726.68173263187,4656
16050,18631.19534424776,22721
16051,23912.2152768839,4187
16052,21642.0023213279,55731
16053,24541.0777451837,244289
16054,14115.71459257153,2276
16055,15191.18329141107,12043
16056,11355.27878682173,7505
16057,18181.42176787876,2225
16058,17992.5586995132,4872
16059,13208.98811896147,2614
16060,18595.77521195293,2427
16061,15831.26069096303,5905
16062,13593.04701935357,5589
16063,15730.9567054549,4186
16064,13487.92376604933,7195
16065,16487.4507741063,9576
16066,19251.21283560507,24391
16067,13397.6521356496,4835
16068,23465.81165001326,7507
16069,20939.20990004654,29562
16070,21380.6575453062,4464
16071,15644.98070223423,18500
16072,14835.08340007957,3662
16073,14982.6010451894,6921
16074,14586.33352554703,2944
16075,18888.91907216653,21246
16076,19186.9354724718,21580
16077,14261.27119288983,5307
16078,16975.20732243287,3453
16079,15642.53449583567,11627
16080,13965.13454452483,5013
16081,12177.4244871118,2401
16082,20087.97119950773,20397
16083,18588.87153122683,8157
16084,14019.05530858663,7329
16085,20488.53318008587,9607
16086,18680.43504498647,4190
16087,19426.97834611803,4240
16088,15909.95393503987,33143
16089,15386.73136183687,7278
16090,13637.59039723697,3857
16091,16882.26096203877,4196
16092,14002.85425410017,3457
16093,15580.3297884593,7285
16094,21444.23182469287,2052
16095,18661.32135605523,3633
16096,12109.75292844377,1684
16097,13486.8467052908,7711
16098,15511.89104493867,6978
16099,12391.0995530747,3950
16100,14267.15671546983,3728
16101,15700.76598306597,2205
16102,20151.17023484853,94038
16103,15685.45532981203,6552
16104,15123.4187355861,4626
16105,18762.95106933457,5464
16106,18017.82988052887,8350
16107,21216.13702486547,21111
16108,22239.66573875693,58263
16109,19234.09299239517,1014
16110,17268.2424525017,13205
16111,17858.2845411736,4319
16112,17052.8259264561,40655
16113,14053.27374126677,7144
17001,13014.9978184089,4991
17002,20519.05736700563,7056
17003,17568.08822831227,9974
17004,14220.39218278893,25045
17005,13337.2180642766,2995
17006,17978.4444526077,52369
17007,26560.82776060037,114637
17008,19131.32905043044,31145
17009,16629.85067119403,6702
17010,16371.71546330387,5131
17011,23257.9254241122,61598
17012,20163.02836018817,16957
17013,15009.88369107697,4485
17014,15027.7057765844,2900
17015,13783.70877276833,4587
17016,12547.16749755387,4990
17017,16309.15464484823,11305
17018,14508.39310606103,34712
17019,12936.97221308627,7786
17020,15948.4946203263,15579
17021,13612.15819663863,2387
17022,12198.78536689797,3799
17023,12589.52728612313,2050
17024,14063.09676685163,15158
17025,13690.9808979005,10113
17026,17666.44045209197,5085
17027,11793.59249915993,3591
17028,15876.80731830427,19658
17029,20232.0219311167,30536
17030,13487.1345083482,14649
17031,15204.73514116513,10564
17032,13674.4020278402,2832
17033,12491.95938039277,4185
17034,9817.872649575067,2813
17035,10738.30106611607,6340
17036,13664.87970130143,1965
18001,17677.03436345837,10861
18002,17764.0318065277,4819
18003,18264.76276085397,3664
18004,21650.21597271373,23347
18005,10247.90126295137,2796
18006,21130.45432970323,8534
18007,16655.44310714053,5021
18008,21400.58764940847,18664
18009,8714.9928709817,8921
18010,15463.4455011016,10218
18011,15510.59501491707,6927
18012,16581.41355149643,12999
18013,18841.50546099417,2469
18014,18440.46121323474,7130
18015,18569.7234783748,28947
18016,14486.74667378643,11679
18017,25415.29520622723,126186
18018,17602.90954157537,9491
18019,11606.65693761593,3339
18020,26573.14637602103,55258
19001,24686.0007745149,802
19002,20761.2204153088,1274
19003,17580.8272544176,541
19004,22211.5999554462,10703
19005,22154.00137846547,5468
19006,29434.87440855323,181705
19007,14777.2655729303,4273
19008,17345.6085527437,1181
19009,26209.10143331936,37353
19010,17131.7380422508,30041
19011,24057.283603867,2455
19012,25214.153504619,20454
19013,20511.800042577,3268
19014,15361.16864619783,9227
19015,18484.84009236097,493
19016,21242.10366999043,1029
19017,16430.21372275097,11183
19018,22384.33015542973,114892
19019,49691.80120306634,37730
19020,20869.4884154456,1757
19021,26591.6431741182,131731
19022,16029.71878112077,4636
19023,19381.4841879964,660
19024,13028.11684155307,1656
19025,24372.4138988159,29632
19026,30110.32434667756,182500
19027,20298.181270908,731
19028,23024.31144062493,422
19029,18259.91068760213,2164
19030,14938.97554888883,997
19031,22107.12287188397,134428
19032,16370.8649214816,1662
19033,22147.8887048683,24519
19034,23726.9496722974,1441
19035,19872.88322141667,461
19036,11032.8878035682,1881
19037,22276.8359194927,1705
19038,24443.2299532136,20904
19039,35110.49398340833,328908
19040,21827.49149448313,334
19041,21275.21024881247,43678
19042,24273.92881885563,1858
19043,18777.1042087253,772
19044,27158.4441313245,10795
19045,20103.61414675197,25428
19046,34698.60493306467,121777
19047,21258.20969586727,4581
19048,29117.60550013503,82912
19049,31328.10064831307,14423
19050,25091.5464967416,564
19051,18875.68012483687,1267
20001,11850.9617942708,216
20002,13023.8457991167,13009
20003,10355.1545055907,794
20004,10769.66281845033,341
20005,15355.83901960563,4953
20006,15459.78878642353,5342
20007,11669.8940344651,769
20008,9046.995632220267,268
20009,8928.399883613,1948
20010,18151.0356920905,4336
20011,10893.13868407367,339
20012,9622.873345570633,2465
20013,14578.43394838513,896
20014,17818.14645441157,8605
20015,9418.8307901807,1212
20016,8488.060327147534,1677
20017,9505.588844069533,1061
20018,9493.7026355055,237
20019,10294.93502986017,854
20020,11233.38636187903,1056
20021,14729.16338143213,4126
20022,11976.18136346143,296
20023,16699.2762326361,6984
20024,9809.039331812766,1023
20025,12533.83105010093,3278
20026,10470.1421631952,2566
20027,8941.065934428167,744
20028,13596.1548025341,6075
20029,8034.118481194067,1164
20030,19040.03250445267,2584
20031,12111.7086688249,2033
20032,11955.01041868307,319
20033,19729.9811395726,771
20034,11154.6033029635,387
20035,17676.65349287987,165
20036,7936.394520927766,1521
20037,9957.211202353,1132
20038,10770.97933429197,528
20039,16630.92693341243,20356
20040,8115.524808315967,1650
20041,11510.671021989,8795
20042,13056.08061296843,2317
20043,14796.89305524673,28770
20044,12493.33050065547,12799
20045,18626.7339919281,2185
20046,10142.56895832197,933
20047,12630.0164395222,30
20048,10522.77838609493,283
20049,11481.76518524733,315
20050,9524.3983885705,981
20051,11605.92677151867,1012
20052,11289.90902454233,1887
20053,12042.34166148123,421
20054,13460.00393044507,130
20055,12524.6710779958,1076
20056,11758.80017066717,411
20057,15239.57116842077,11356
20058,9557.2273628987,3589
20059,15917.44969567877,13056
20060,9742.745486279333,647
20061,12798.123983891,801
20062,16157.15978573733,155
20063,15822.1409137295,1129
20064,11747.8903623397,2380
20065,12599.59407008797,349
20066,11041.7517416703,1744
20067,27268.8378366908,74526
20068,13777.5342782658,6047
20069,9104.188688920332,780
20070,11119.2702066233,1666
20071,10526.31665033743,861
20072,13768.00785630546,2099
20073,13615.897476201,9369
20074,10288.06365188413,128
20075,11255.11746148007,977
20076,9354.3103163261,902
20077,14666.41557611837,1085
20078,18226.8006964881,378
20079,18074.117871043,25584
20080,10358.03299036157,533
20081,9215.660356296967,590
20082,11078.9469531624,1174
20083,16645.45317784043,2989
20084,17982.80195905967,1201
20085,8664.598140043667,5461
20086,11617.71195994947,329
20087,15262.34455184757,1428
20088,8923.999883937833,805
20089,12071.84614663063,616
20090,11552.54300031707,1793
20091,19856.12512229873,1850
20092,14335.391590343,494
20093,10006.75724121807,181
20094,9569.448456728567,587
20095,10307.29043702373,1029
20096,14114.31080073423,227
20097,9976.746201785867,525
20098,8746.2971793252,1120
20099,11310.72101883977,114
20100,11855.8580294162,154
20101,10563.0726426081,208
20102,13279.661417012,1424
20103,14904.30967762217,1570
20104,9520.650392006566,707
20105,8455.738664772334,1915
20106,15027.4062861713,83
20107,20856.75042683577,6214
20108,9335.623337332567,805
20109,13507.0648154713,339
20110,8968.216553181,438
20111,9906.437474297567,1125
20112,12341.0655982776,872
20113,8064.7695402832,868
20114,11432.22695423307,243
20115,21695.31886341317,2843
20116,9098.631385466268,1130
20117,9101.589802488066,621
20118,11636.03098639637,670
20119,9582.909610489833,218
20120,13703.32778583087,115
20121,10375.61457916653,206
20122,10006.9284530005,203
20123,10851.61210260513,759
20124,11325.35759475373,5093
20125,9866.531519339665,2948
20126,8303.863397715433,1382
20127,8933.515562893066,395
20128,10448.3557920744,482
20129,16546.24584503223,113
20130,8958.574801698533,1620
20131,10134.15781533417,2797
20132,15605.4375855102,372
20133,9447.6688595449,1201
20134,8650.4567207686,6919
20135,13141.93364169507,2042
20136,8450.2330415208,2917
20137,9221.872277423832,902
20138,9065.590206389466,165
20139,9560.969506967967,574
20140,10648.8263887093,243
20141,8990.402070106167,2456
20142,13393.4591013226,284
20143,11168.34312989187,3033
20144,10585.50714236197,351
20145,18322.6901872796,1494
20146,9435.9754981806,667
20147,8678.5831209451,121
20148,10606.28914735853,502
20149,10616.44818474703,519
20150,12863.54593268003,3394
20151,11769.65032932623,101
20152,10592.5081357992,518
20153,10486.5968688133,1276
20154,10313.5085987634,672
20155,10314.76509200353,260
20156,10554.90940816953,1098
20157,21196.33907953207,4785
20158,10630.93546729393,596
20159,8492.057256505,1264
20160,12530.36728418223,451
20161,9405.228056622067,813
20162,10421.0565183694,491
20163,11605.11456481667,454
20164,10186.2610092319,776
20165,9869.785311291535,458
20166,10565.65465940627,3098
20167,9812.8746150386,563
20168,11143.74200200887,274
20169,8828.127041250033,1167
20170,9395.8775606488,894
20171,7757.880197751566,4842
20172,12782.9458454734,145
20173,10209.4106517815,481
20174,20094.29182096483,1221
20175,10619.24747447623,395
20176,12151.85135956213,835
20177,13144.37448303197,3128
20178,16182.1353911608,1787
20179,10984.7223146768,409
20180,10933.73028181607,751
20181,7871.9491405651,161
20182,10482.23456594413,546
20183,7507.9125518082,374
20184,15870.1180337535,47209
20185,12037.63920394333,2389
20186,12151.37345311913,172
20187,9097.934250956234,522
20188,10595.44851473853,2583
20189,10540.27561883573,697
20190,11328.55399195283,6167
20191,12940.8310142568,92
20192,17437.09198542624,451
20193,13482.56737207333,731
20194,10094.13247441757,443
20195,9272.815766927599,391
20196,12538.4236093101,135
20197,12483.61915180423,987
20198,9023.869493589767,9092
20199,9530.330706449766,144
20200,10096.7389604592,1072
20201,9116.380438068467,562
20202,8674.950922851733,1092
20203,7690.354978369301,831
20204,9984.7712193315,219
20205,6962.690105486334,4493
20206,11128.34031392803,722
20207,9192.591056272666,5038
20208,10919.7101774881,2337
20209,8795.7355579958,200
20210,9905.454784086267,1679
20211,11795.5107346376,763
20212,8336.885135290968,836
20213,11664.7556479899,889
20214,9851.923375675933,547
20215,12668.20431007273,236
20216,9730.925209604668,331
20217,9555.909434745567,939
20218,11660.63309946617,166
20219,11255.13289641507,755
20220,9240.021743130066,835
20221,10536.39789513913,431
20222,8746.763755089567,458
20223,8985.867544032333,133
20224,13205.9921753476,192
20225,10585.96979329133,1644
20226,13143.87451118363,845
20227,18085.15167278193,4981
20228,10330.37764549653,200
20229,9747.953551416334,1646
20230,9072.411788610034,287
20231,10143.5704191929,802
20232,14070.0514098969,5399
20233,10400.6798266165,444
20234,9350.9707815523,1964
20235,9668.442513236034,1092
20236,10568.45797786147,341
20237,12247.06050045317,449
20238,10110.18736492823,252
20239,12251.61214096347,344
20240,9933.473273599668,608
20241,10265.47785118383,323
20242,9522.0821520834,2316
20243,15386.971076821,476
20244,10848.05429781487,1051
20245,13139.68760133523,360
20246,11217.70595620183,180
20247,14661.4618572895,419
20248,11030.80321790143,3897
20249,9110.102281514966,977
20250,11940.3194519141,381
20251,12875.1454617028,302
20252,10021.08271585867,614
20253,9424.568764073932,640
20254,12477.30584602787,844
20255,10202.218582549,504
20256,9332.700486285434,68
20257,9331.2754260685,330
20258,9896.586310767967,251
20259,9182.542713830868,527
20260,12445.99837661943,572
20261,8385.492596032333,1583
20262,10426.3501228992,290
20263,10710.4407491729,864
20264,9818.765985203034,629
20265,9844.596509302966,2023
20266,10705.90453185173,2380
20267,12892.72062086247,76
20268,13093.76259588613,307
20269,12321.93983844507,1317
20270,9390.471876027334,389
20271,9276.5250317805,623
20272,10753.2802215924,1228
20273,7376.455482410734,875
20274,8034.7945997334,351
20275,9746.187740289033,2052
20276,8370.106669157032,219
20277,9824.2062021335,3221
20278,11007.38478589657,10421
20279,12512.70366135913,665
20280,10413.53643652483,709
20281,11223.43583296063,117
20282,9505.6646998616,226
20283,11287.780259462,318
20284,10038.90333464863,689
20285,11482.1512511852,1020
20286,11846.96059569147,913
20287,12546.08690899903,103
20288,9354.184706799466,178
20289,9843.241359023767,374
20290,10885.4802947244,269
20291,8981.941576034,1102
20292,8415.555856036734,345
20293,24756.93757258787,5051
20294,15533.4611991057,1903
20295,15542.208874568,2688
20296,12989.41973056197,306
20297,9091.660982465166,608
20298,15892.59566766157,3619
20299,10548.49538041503,323
20300,9815.895965221634,1887
20301,14165.67266597643,454
20302,10579.39907029497,1118
20303,11183.04875360477,361
20304,9078.457974369301,231
20305,15185.7498728848,1434
20306,9056.089574498534,999
20307,12210.8946900751,3102
20308,12226.5504369411,869
20309,8125.958123520234,2860
20310,13192.64407280107,3705
20311,9330.2927200641,161
20312,10403.2665413718,2691
20313,9595.113980592067,270
20314,10396.90337329027,493
20315,11742.16423058687,491
20316,10382.3908210519,218
20317,10899.03670796593,431
20318,16986.99552798573,13913
20319,14154.8185875856,321
20320,10522.46856340023,226
20321,7591.933242443501,201
20322,10411.73714969047,245
20323,11121.6490161437,556
20324,16063.1872831364,12722
20325,10680.87823054217,3137
20326,9847.245891587,1211
20327,12880.57370100963,4560
20328,8443.491128914366,359
20329,8285.5693006908,349
20330,8345.407402970934,1172
20331,9462.325491406067,331
20332,11491.99244060506,131
20333,15466.56206066277,944
20334,12132.39547695987,14832
20335,10949.3000283315,252
20336,10441.96534580407,492
20337,12164.22415651177,1603
20338,18290.8534774272,2687
20339,14149.21272403857,1226
20340,11313.46426864777,625
20341,12538.64131387867,73
20342,17075.29528742283,1291
20343,13479.18907738707,568
20344,10584.5103272741,808
20345,11766.73474464847,1215
20346,9981.5347124574,483
20347,10624.9142526857,1014
20348,11467.7989055319,2298
20349,13097.62690590597,638
20350,35898.37576848233,5032
20351,11120.0615628298,838
20352,8183.4302444192,596
20353,11756.53022056283,620
20354,8588.583784901699,142
20355,8960.667414008834,233
20356,11369.3571261484,601
20357,8831.630856202368,269
20358,13074.09342907473,615
20359,12271.45029722713,234
20360,10152.63244317583,1171
20361,8915.980716757234,252
20362,13316.63073293077,435
20363,11837.28177339957,772
20364,10882.3725981529,4271
20365,10299.00568613387,373
20366,10223.50322241227,897
20367,10333.41857958377,1149
20368,11441.3972762963,551
20369,13767.20456562333,657
20370,11485.97168159683,208
20371,11967.95768200847,351
20372,10209.59453873217,457
20373,11623.73332501953,127
20374,8758.3413042846,422
20375,19648.37890769997,3574
20376,13604.43620287213,100
20377,10018.15622329347,2994
20378,11373.62610565897,969
20379,10125.12693551097,783
20380,11954.7758930936,645
20381,11806.53305918557,791
20382,8607.772404773734,351
20383,11779.52174610347,177
20384,10459.78462554187,1137
20385,19693.4044544794,27492
20386,9119.819309719967,4465
20387,13834.8919711086,838
20388,10501.1512943921,643
20389,13149.82286949193,231
20390,21565.26856470397,14246
20391,10073.89600415633,821
20392,9288.9537462727,1878
20393,10771.26385296957,1027
20394,11260.8870147612,806
20395,9992.882503430601,505
20396,9550.607990588067,940
20397,15302.69403452687,10586
20398,14459.34869839433,1381
20399,16761.3810527132,11364
20400,11291.05073576453,530
20401,14421.21956144187,7075
20402,12866.38516900547,326
20403,15894.00751032133,1079
20404,11799.68754454084,247
20405,13601.62033837967,559
20406,8839.379763026067,5615
20407,9380.443154175466,2642
20408,11876.78326249477,144
20409,19117.4191444349,2573
20410,8921.524849239433,891
20411,11819.21654956113,251
20412,8987.1163268215,900
20413,20696.3362314177,15170
20414,10440.10921792873,3582
20415,10774.4053242516,1292
20416,9879.437805498901,163
20417,10278.71106501937,2618
20418,13538.14050390557,3603
20419,12504.29154412377,176
20420,10303.81353319963,401
20421,12816.9834471378,1506
20422,8660.332919684533,196
20423,11413.27757869577,145
20424,10462.74670041777,970
20425,10164.97010500417,634
20426,9467.211703937,1708
20427,11148.4778575975,4941
20428,9571.2669166793,529
20429,10033.43087475103,439
20430,9370.835447534533,92
20431,11924.06776130983,486
20432,9669.986225730967,299
20433,10896.8985427803,622
20434,10197.35277723057,1126
20435,9777.468279755467,917
20436,9295.932724426666,293
20437,11166.202793845,2448
20438,10102.7798278078,470
20439,13182.80095362407,6454
20440,10925.90974241783,295
20441,9498.1409624545,2237
20442,11661.9311411863,83
20443,11208.4810982116,146
20444,8926.187461196234,155
20445,10072.79727338193,378
20446,11247.331023297,1650
20447,10220.20919262627,4450
20448,7791.698939435867,504
20449,10213.03436383947,1031
20450,9551.626468271766,2992
20451,9573.5546048032,323
20452,11200.04438607587,1155
20453,11463.08188836557,1281
20454,9679.1020573232,884
20455,10333.252356759,763
20456,11602.67303489934,494
20457,9189.262403224266,900
20458,12703.25268634147,341
20459,12594.8896872907,1593
20460,9119.1361210137,1391
20461,12775.3087384023,188
20462,14000.8579548454,1255
20463,14254.15799893257,193
20464,11036.55194425493,115
20465,9165.9937938904,413
20466,10174.51433972447,3152
20467,11342.38731355453,5523
20468,7897.352292966533,3376
20469,12070.65239283907,7576
20470,9189.5792867319,1423
20471,10651.77208027847,127
20472,12397.9587614568,1118
20473,9940.7985667546,375
20474,11348.3696350741,1054
20475,13860.85956706707,2537
20476,11539.28149454503,143
20477,8648.102211636,357
20478,9839.458333605133,564
20479,11566.4550446147,68
20480,8620.160887523032,402
20481,10312.78102685143,580
20482,15091.4558158582,15549
20483,12537.02589493323,2862
20484,12567.17999745863,1127
20485,10043.1079238059,805
20486,11479.14252187397,695
20487,12319.9322583106,588
20488,14781.26747938153,41
20489,9743.108707998967,1350
20490,9625.460834812568,762
20491,9099.791707497634,904
20492,10251.22870933167,906
20493,12813.39686749977,175
20494,10165.2668851459,1296
20495,9816.6078462855,809
20496,12221.60734530077,537
20497,10114.53127891087,954
20498,8911.345673920101,2086
20499,13896.7780821449,540
20500,9078.654851483932,2411
20501,12287.1210322541,327
20502,10750.9187306396,1426
20503,10546.1163826271,124
20504,16798.2827438986,404
20505,12158.7436485449,2500
20506,10749.9346472092,232
20507,10371.07755896823,937
20508,13191.11671933767,546
20509,10008.26899516677,2487
20510,9028.3862605453,220
20511,8457.998705947866,915
20512,12218.43342629983,267
20513,9865.577775819535,2597
20514,8701.635380582733,247
20515,13736.27155729737,19442
20516,9792.208345262134,1315
20517,10805.92833421943,1464
20518,13838.0082917805,42
20519,13545.1524865448,916
20520,11252.23672950383,1968
20521,8247.3321823187,79
20522,9307.872643851333,350
20523,16573.14655963047,518
20524,13377.08236115143,85
20525,12515.40945598553,3819
20526,9653.389006545634,4486
20527,8807.481901342066,613
20528,14294.3883455582,287
20529,8224.745538986033,254
20530,13154.91014115387,967
20531,13489.73543149507,679
20532,8904.525743905833,1053
20533,13317.35670611423,746
20534,10367.9266419289,846
20535,9515.279210373434,716
20536,10749.13043357733,151
20537,9316.427259295966,1925
20538,11658.36944235763,203
20539,15485.8558485186,1669
20540,16034.18907910657,2233
20541,10778.0882256619,499
20542,10492.71587416967,250
20543,9949.636101142867,1631
20544,15456.7501604247,296
20545,15357.26887248417,2705
20546,13324.2483276928,1694
20547,10297.5084650707,320
20548,9758.4978424498,601
20549,11269.32782344567,3298
20550,15040.0929224446,1563
20551,18763.94414858237,8356
20552,10708.8786085016,138
20553,21716.26674461944,3118
20554,8777.2346654791,1518
20555,12261.93772106037,905
20556,12308.0688194534,91
20557,14125.88848412983,4266
20558,11903.5775320495,433
20559,11597.3724380195,6027
20560,11379.91824891197,1736
20561,9880.573376987866,828
20562,10816.12567434937,473
20563,9803.386815429367,379
20564,9306.6874454893,389
20565,14451.02258572823,11808
20566,9886.4479458425,899
20567,9752.739712083066,872
20568,12943.22684684633,488
20569,10639.47657264027,479
20570,15545.22174444433,5864
21001,13539.33017305133,15226
21002,12077.87986979327,2611
21003,15423.77809678847,10158
21004,13000.3106966398,13486
21005,12777.08037952053,850
21006,10194.91561592983,3643
21007,9525.7814710451,789
21008,13400.68644293293,2927
21009,13807.72863645583,617
21010,12808.10482513617,15575
21011,8826.103373382733,511
21012,10598.892259202,1706
21013,12889.4844122456,4712
21014,10479.82539771567,1352
21015,16528.1667510424,31585
21016,11693.9103306154,2491
21017,12391.3712359857,6921
21018,13706.44574307283,1108
21019,17465.62782404323,37573
21020,12778.5162287833,1830
21021,14759.11455301947,402
21022,9142.451400702334,3237
21023,9710.813802566967,2081
21024,13521.60548997133,300
21025,11690.4049823131,2318
21026,12044.28941593833,3604
21027,9858.6716761558,1245
21028,8034.360306774067,724
21029,11226.9118088894,953
21030,9554.937335578066,224
21031,12158.4265843547,788
21032,10962.37976622977,418
21033,10021.5015969567,1346
21034,16282.78268768203,11231
21035,13182.111924368,5121
21036,8367.693424331566,3498
21037,17081.02762838827,768
21038,13540.87215111363,2365
21039,10810.08272091463,2859
21040,12452.9475870696,2914
21041,19811.25399809073,41181
21042,10073.04513348127,950
21043,12907.89956181773,12636
21044,12285.8066336609,4107
21045,14404.22736908863,11716
21046,12045.6357429234,1916
21047,13872.13381951977,5846
21048,12058.3164926789,5003
21049,8041.216414822867,4080
21050,8867.665674900967,5311
21051,16601.8636181054,10253
21052,9777.958095466667,385
21053,14561.89430165943,17150
21054,13616.05067290723,7850
21055,13287.10906817553,1427
21056,10782.98462682047,426
21057,7989.621502028066,1683
21058,10026.7316361259,4342
21059,12896.65852886157,801
21060,11630.55732564223,1857
21061,9272.416402635734,3370
21062,12198.64483526687,1329
21063,13965.9574604402,3698
21064,10606.29828472167,5095
21065,11109.23766445077,5304
21066,10843.7657063406,1857
21067,12794.06095605173,4681
21068,9904.305541349868,1996
21069,12443.47740688873,7247
21070,10169.0134560807,1773
21071,14691.63410995993,27575
21072,9309.934792364866,3922
21073,11587.0171382064,2564
21074,15418.08918207447,22597
21075,11088.5156996246,3287
21076,12423.58882097623,7567
21077,9414.692902374267,1438
21078,9531.062814757433,3922
21079,12711.94778527013,1574
21080,8287.832865960767,677
21081,11081.56352068503,1101
21082,16232.31016826353,2424
21083,9539.4645449866,6426
21084,9151.822827805667,1734
21085,16538.6702856798,21675
21086,10298.8032314644,3323
21087,9687.8142078011,3395
21088,10347.80475520757,1291
21089,8547.369344742967,3188
21090,17002.03287884323,5856
21091,14474.345197254,2802
21092,10488.68037226253,1477
21093,10424.422507846,1945
21094,14711.16952191007,8978
21095,10502.1561605216,169
21096,12640.34882519203,771
21097,13293.17112339763,621
21098,13128.08413761877,1833
21099,11969.76682522507,5288
21100,8942.190808004432,2364
21101,11216.6293290809,986
21102,11737.12264041154,3139
21103,11963.92432896937,1578
21104,14350.007526713,7230
21105,12721.47057657623,1354
21106,13665.41126968393,10747
21107,8621.145241247099,2778
21108,14164.89018079737,4719
21109,10772.61673297247,5352
21110,11863.83646447727,12069
21111,10443.91259041397,5227
21112,12463.18106029663,2585
21113,12530.73627333257,1414
21114,21652.3197225229,477609
21115,12583.05803419887,13487
21116,8510.2231638416,4788
21117,15958.5662177589,3711
21118,12354.7249628964,6511
21119,23194.9308071603,44808
21120,10898.5142553232,1381
21121,9144.537530552167,364
21122,11843.30468091493,2633
21123,8973.144193779966,1073
21124,13322.3581224279,3895
21125,20466.17428658137,2486
21126,11823.93666579537,1458
21127,13394.6270121186,1157
21128,17814.00458782447,2503
21129,11050.5199255452,3531
21130,13874.21812221907,964
21131,11555.16716735187,273
21132,17560.76452580933,38312
21133,9911.985283848668,194
21134,12089.1433659141,5150
21135,14177.69903148427,180
21136,15484.77687959333,2844
21137,12286.40315162177,2464
21138,11297.8242010483,2633
21139,12670.18994224657,1024
21140,20189.9728792267,36572
21141,13244.03776507477,1044
21142,13317.89293241083,7437
21143,12212.11230809703,8449
21144,14587.6014975321,3600
21145,8824.834500258401,3280
21146,9664.6930267463,256
21147,12042.0347383097,1817
21148,12875.93216861913,2603
21149,14568.76996726597,7414
21150,9376.952685930866,1712
21151,12297.12966006047,2254
21152,11396.37114065037,2954
21153,14278.58902235867,6007
21154,15143.8018431397,20010
21155,13371.4456169816,1873
21156,16716.3862276431,85356
21157,13231.13578184347,3410
21158,11328.9593848497,2075
21159,8327.5250946169,1161
21160,10569.80487231453,1011
21161,14403.87162254167,5582
21162,10530.1492132927,1045
21163,11793.68162497417,4096
21164,16495.29032547583,18573
21165,10657.99712946067,264
21166,12504.5637997499,2259
21167,9991.601443807767,2566
21168,10868.22356880823,1788
21169,13054.00252913133,6089
21170,11653.14268770983,4717
21171,12197.6047305564,1021
21172,11696.9939351566,7718
21173,15628.4861460625,1755
21174,18033.32047840147,28286
21175,11194.7406577213,3592
21176,13243.54049355457,2608
21177,12566.74468042227,13122
21178,9237.0534458123,4446
21179,11236.1323753241,7237
21180,12500.0806037943,9940
21181,13029.2147293884,1744
21182,11661.93912597577,1122
21183,9919.360478011966,5006
21184,9215.462177366533,1704
21185,12359.14709471007,2545
21186,8032.586550659366,14394
21187,9448.495570235465,1429
21188,10394.80670657237,4773
21189,12733.37191709123,5308
21190,11788.53057947707,422
21191,12160.57014635633,2791
21192,10617.41958543547,1650
21193,11385.00934454087,1750
21194,12134.7575324875,7864
21195,9994.498175089733,5973
21196,14876.454187972,482
21197,13656.16815416077,21258
21198,12338.87395984157,348
21199,13531.98396572697,9898
21200,12602.5612942555,1017
21201,11872.46059994527,872
21202,10254.08374783957,3399
21203,10493.3159865313,1880
21204,13693.0070426652,1997
21205,11044.4964868553,6528
21206,11911.0323248252,1302
21207,14382.8737500959,14785
21208,16248.51944579843,22888
21209,11923.01517591747,2295
21210,10875.94709591137,1456
21211,16552.67278326016,4417
21212,10261.9098334766,5151
21213,9541.428768811465,3174
21214,12871.9583483941,4407
21215,10094.3873672665,1160
21216,10477.80599032043,740
21217,9429.0510401067,4721
22001,15075.58505701877,17122
22002,13002.93796305873,6802
22003,18620.75190225,3809
22004,17718.12225412577,17322
22005,20643.12573906897,16146
22006,30712.23451016027,64356
22007,16746.89031254537,10857
22008,17470.7859501768,9905
22009,15611.06074393393,7576
22010,14728.0671543947,5350
22011,21855.90472542697,67957
22012,20075.1766357049,19072
22013,15259.21679183827,4869
22014,28781.85610140723,305361
22015,13953.73440826173,2274
22016,22158.112056135,83724
22017,20516.481601204,18946
22018,15516.42925937103,7039
23001,21795.17264995433,26413
23002,14568.23233598723,21462
23003,20537.03393467133,6767
23004,21187.63589839773,70753
23005,26328.2248113553,287053
23006,14811.49908997343,10426
23007,20731.35458406633,7917
23008,24125.51994775113,110763
23009,24732.6481226837,14022
23010,14108.278154795,11182
23011,24469.95558302544,8731
24001,14606.63530602067,4723
24002,11375.6481547584,2181
24003,8473.925736497633,12517
24004,15084.67700877183,1165
24005,14336.95441314987,5222
24006,12648.2049033386,2612
24007,17099.92693952663,5087
24008,17481.67645944617,6372
24009,18198.38562639777,1363
24010,12397.3578421539,8040
24011,20533.2507601514,12802
24012,12169.32153419543,5201
24013,16997.58806947733,53323
24014,10516.3869699132,4199
24015,17157.38775841304,6017
24016,14311.28476510873,11749
24017,14459.87418466943,6510
24018,14093.9893519419,4061
24019,10723.82367254377,1718
24020,15749.0396076421,27347
24021,16610.82277092597,13863
24022,13549.55058857677,5182
24023,13078.87242025317,4470
24024,18117.17586177194,27137
24025,17072.33849469957,7843
24026,9998.1479321893,2392
24027,14821.1971969494,3030
24028,26933.2206019977,259324
24029,10281.04806220223,5261
24030,14638.47303943177,1507
24031,8322.6611820861,2950
24032,16283.57798017333,10220
24033,10971.94808513857,2909
24034,15243.6713727699,4161
24035,23226.58678027083,91807
24036,16153.93332583623,8385
24037,14317.98978559093,24454
24038,12394.52046716687,3853
24039,12176.3052119309,3527
24040,18226.35821117053,10552
24041,10059.93350180073,4954
24042,15339.8150463574,3699
24043,13755.7621300871,2181
24044,14788.64623730483,1968
24045,14186.6540430842,3981
24046,13833.87788792607,4644
24047,13747.67139925037,2503
24048,18320.55626974623,1330
24049,10851.35966997287,9982
24050,20835.85455106217,12146
24051,15041.0285260376,4220
24052,12665.76023084547,2966
24053,11816.45563316467,8502
24054,11044.2276880995,12695
24055,20080.25334591513,6445
24056,14412.01529202183,4302
24057,10846.26895513587,7223
24058,19459.85857613433,5881
25001,22860.86723307857,133896
25002,22340.83822284673,12951
25003,13613.69843787673,7250
25004,20106.3827399465,7216
25005,15280.65368552297,4174
25006,26677.16292879263,281567
25007,13465.6437706349,8176
25008,21312.48163959433,12163
25009,21704.34227223383,16258
25010,17843.34299941643,26499
25011,20225.60355057553,77894
25012,27687.5163944227,152884
25013,22811.79005747373,11587
25014,20415.59836230687,14812
25015,23171.91952131613,23218
25016,17129.00318765817,5548
25017,14970.69479878207,21075
25018,21136.2119465037,37648
26001,16741.1941253579,790
26002,22783.06467438494,27072
26003,16137.55282743613,7133
26004,18583.81340611263,2665
26005,14191.92857254293,395
26006,22466.61870473347,968
26007,15331.7168378947,191
26008,15344.59699250847,346
26009,13170.39423510933,261
26010,13485.77706898883,380
26011,18405.56242475217,516
26012,16953.47992105066,6404
26013,24567.49440887913,565
26014,15711.72399170493,1040
26015,12882.96130039957,387
26016,20229.16045463954,1543
26017,24441.7215393779,26298
26018,25166.8016374717,135701
26019,24539.16138218596,11588
26020,16982.41910618463,1401
26021,18688.58994307077,682
26022,18180.2884160423,315
26023,18894.5892300112,1861
26024,13495.54867750297,242
26025,23090.51699837256,14798
26026,14175.71948132063,15532
26027,16678.2294465796,2697
26028,19168.73266942636,342
26029,22821.17253783453,47102
26030,29297.311284274,278550
26031,12986.1166637468,395
26032,20775.3386727062,299
26033,17440.37092196473,21432
26034,29492.32952433797,328
26035,21532.40236019506,3544
26036,23939.3499531527,9864
26037,15086.13104647593,402
26038,22383.69658679173,1725
26039,22772.23464380033,1697
26040,15127.81075740793,502
26041,27502.13171248656,4344
26042,19295.02525621973,46918
26043,27707.96525681583,78358
26044,15638.07883593237,120
26045,14273.16642863113,828
26046,17410.34088995137,156
26047,19726.90065101923,2768
26048,26889.3375566753,19176
26049,12866.4707539341,933
26050,16832.15566056937,540
26051,16200.92497256817,1508
26052,19353.5144568053,1746
26053,15393.83718810023,126
26054,19959.3839242829,156
26055,24708.70090708806,59692
26056,14914.391133909,2785
26057,12623.0186228323,565
26058,23367.6758806872,4936
26059,18715.72602209963,553
26060,13383.2865579687,635
26061,14010.0051765224,478
26062,16410.6987764098,352
26063,14378.7661155152,398
26064,17433.4178317889,481
26065,14307.58248589283,487
26066,20077.3908795597,2944
26067,16393.11814134193,494
26068,21968.03654822733,379
26069,16141.27041885273,1523
26070,16405.03404055744,4091
26071,18320.9766180349,5986
26072,14955.53198958033,3924
27001,12595.8346719894,17034
27002,16295.574097529,67269
27003,12645.2174894268,28475
27004,22190.56782208887,197638
27005,16784.74390878343,58317
27006,11925.79515105123,37599
27007,12847.71078463327,9514
27008,17942.8208956964,51669
27009,15065.16546198787,10571
27010,15561.35022045053,23701
27011,11552.47909617503,8674
27012,14679.04611661603,43226
27013,15394.0690886182,42007
27014,20397.9924675772,26541
27015,10502.8409915356,12765
27016,15450.2358988359,16166
27017,14048.32653460443,18137
28001,15463.64138723043,3085
28002,15563.57821732143,9164
28003,21091.50932348117,80906
28004,13865.00383987873,2785
28005,12828.1193045995,1419
28006,10319.44713453083,1877
28007,19817.6089848688,6367
28008,12953.9376534475,1203
28009,23406.8774032319,65647
28010,15161.04776211323,569
28011,16124.09508760637,2606
28012,14512.6539308895,12331
28013,15355.08515148167,4578
28014,17721.762938902,1911
28015,20876.2096107841,4931
28016,14897.90936914254,5483
28017,14530.81189560297,4399
28018,17286.0354873821,2002
28019,15069.99613229887,4745
28020,13977.5116820656,690
28021,18231.16286725747,34650
28022,22641.86502266096,159564
28023,13818.68215659243,1400
28024,18076.84014899903,2982
28025,22472.21633698727,11567
28026,10143.08782087753,1005
28027,24345.25483693127,120296
28028,13455.73091736043,1134
28029,15961.19315616593,4003
28030,16158.36303034067,4116
28031,14098.3740889811,595
28032,21239.13293333857,216207
28033,17626.2438505463,38901
28034,11507.7530336325,2364
28035,16608.40067334187,15531
28036,11039.8776092007,279
28037,16056.23452073633,7710
28038,21674.23522212887,93833
28039,13557.106565989,7774
28040,18961.01579878563,18129
28041,22224.4910343227,101652
28042,13874.52858462993,1685
28043,22987.10577006867,7046
29001,15404.18537890617,3009
29002,15613.19595275047,4232
29003,15596.58267249157,1907
29004,12606.092391517,4535
29005,16011.21885193326,22595
29006,15027.59284531167,12870
29007,12190.51438845073,4163
29008,12919.93041688977,3875
29009,14001.00187508987,1521
29010,18143.3969675918,18701
29011,13763.15345764203,1242
29012,11063.2601145942,2445
29013,14741.84354599907,23989
29014,12648.8952163606,3861
29015,16335.16025999443,10169
29016,13822.21226932623,1970
29017,13346.1705864709,2519
29018,14702.9558203518,9297
29019,12981.8521002599,5694
29020,12556.27995248063,2385
29021,13539.57856122257,4795
29022,21362.38253252783,1515
29023,12578.17125853917,6418
29024,17853.2596337786,7677
29025,14802.59053539353,18312
29026,14698.1242473731,6542
29027,13790.37368463347,2908
29028,16076.26359128707,5783
29029,16427.61618969863,3254
29030,11789.12720021163,3773
29031,14499.59072498977,9514
29032,16132.62529587557,3362
29033,20003.80085397447,28855
29034,16425.77252619734,11840
29035,11602.28844034333,1464
29036,18890.6459778533,5920
29037,12879.38310515673,2235
29038,13839.7772949076,5078
29039,14139.39995975707,5993
29040,13580.22749694467,2961
29041,15306.63837701567,8349
29042,13050.1437236063,3633
29043,17388.85790335943,12047
29044,14587.50389160077,11364
29045,11863.6767667219,1541
29046,10278.8074189911,1240
29047,10336.588200572,910
29048,15607.65068073747,4614
29049,15749.92647285013,1479
29050,13531.4586484944,2746
29051,8549.2058556252,1038
29052,11732.3797613301,1399
29053,14141.86178336893,1714
29054,15255.64886504313,1332
29055,12129.32646546067,786
29056,13297.47030770277,1888
29057,13029.6841153115,1136
29058,12723.7169129509,2220
29059,11952.13308727,1722
29060,15731.40692083287,1241
30001,12223.36326754267,2630
30002,10412.91174595543,863
30003,15923.41468983193,23823
30004,12915.22940355047,13456
30005,11277.51055288137,1704
30006,12044.20198124593,5990
30007,10636.17883527703,1930
30008,9340.442513812499,2513
30009,14770.4788192864,8829
30010,12198.7414437143,16706
30011,17460.00346035953,18444
30012,12325.56072300817,2732
30013,17466.1361231237,8369
30014,12808.41851129987,13302
30015,12045.44242762893,10876
30016,19960.82630652537,9174
30017,14301.56401529263,1520
30018,8745.254026840466,486
30019,10100.5313027985,1694
30020,9771.5012172894,2954
30021,16150.39927120033,7094
30022,10938.9535046674,5630
30023,9631.8409364112,14103
30024,8745.706939490166,4274
30025,8872.483683001801,6422
30026,16393.5485460932,7607
30027,9281.442819266367,4383
30028,23405.54570110773,47796
30029,8148.967888321767,3095
30030,15856.03137770143,11734
30031,10906.43845125183,5048
30032,11428.8867831937,13745
30033,13039.61451373906,7042
30034,16740.87344246307,7804
30035,10779.4464037946,3355
30036,11770.35096464283,2873
30037,8204.8678978626,1973
30038,16108.29862158297,27362
30039,20681.12787720233,98204
30040,15582.30132055553,16157
30041,10058.83717486587,641
30042,11074.4423761003,1847
30043,9600.8128055913,5362
30044,14711.0718065035,61934
30045,17861.60704585817,18411
30046,11423.52279688567,4457
30047,11126.92862684387,14325
30048,15513.79281036497,40691
30049,13051.90291060573,6556
30050,10218.32330958243,4025
30051,9985.070774686099,6058
30052,15130.6287951848,3393
30053,12245.38069909063,8054
30054,11753.00014983463,3998
30055,10457.47413620613,3821
30056,8844.228317842633,1730
30057,7993.806988282333,3339
30058,11153.26986333473,15201
30059,14050.4757560772,7092
30060,11744.6843602478,4669
30061,15277.82091691147,22433
30062,11853.9417266352,5206
30063,10899.23251630887,4138
30064,9825.151853757267,1112
30065,15343.19983675027,27258
30066,11026.75701352327,7344
30067,8084.210210990434,3638
30068,15398.2530498746,19973
30069,14935.88473974967,7681
30070,10628.21975915117,5308
30071,14212.51425094823,16093
30072,9974.810654514133,6135
30073,10815.2259981879,12651
30074,17553.95944008713,2018
30075,14557.98158886976,5663
30076,7999.476088270833,3712
30077,14762.0710903275,13268
30078,10214.54537003523,3745
30079,9577.366725121234,3071
30080,11939.9930102482,5964
30081,13323.98123782053,7851
30082,16425.90760971673,4782
30083,9112.908654191766,14055
30084,12474.64802743797,1924
30085,13133.2897860076,20866
30086,11947.59354596967,11590
30087,18915.81511847276,151258
30088,9817.4025931984,1632
30089,14633.76784951593,12266
30090,11631.9274988387,3617
30091,12948.0816494644,8206
30092,13175.86327150683,10248
30093,12348.62323193397,4634
30094,12839.41835939533,11743
30095,10805.2514361893,4694
30096,10628.88258171767,425
30097,19075.0649440718,6585
30098,9070.483637549232,855
30099,11160.6704067912,4504
30100,11854.71007321943,7630
30101,12592.9401139298,10299
30102,15014.257911404,32751
30103,8553.199633987533,3136
30104,7442.543943691333,5002
30105,16405.2206727259,33232
30106,9720.697895695466,1203
30107,9410.969259631833,720
30108,20056.71308993883,44981
30109,14384.74561969427,19523
30110,8042.2011852035,3196
30111,15017.22590748663,4959
30112,13215.42132289227,6605
30113,11795.9863741849,1224
30114,13031.18481102487,3377
30115,14488.8598408806,10712
30116,14439.30691864717,5033
30117,11277.42823549147,6710
30118,17917.91652460344,37690
30119,13343.1976792482,1824
30120,11836.56502738877,3039
30121,10886.37451803867,7154
30122,8471.761214173333,5566
30123,13952.13223192253,28374
30124,13865.22793185943,45459
30125,14543.29779838387,9129
30126,14463.81993825136,10626
30127,9735.778246769167,6348
30128,13390.4071835986,19092
30129,11063.791757216,5193
30130,11009.44679820857,11597
30131,19505.1273593365,56959
30132,12765.01046109847,5070
30133,12813.4407007861,16522
30134,14165.84687687767,7536
30135,11531.11187435623,6016
30136,13608.5260395223,2112
30137,8916.842236244634,1638
30138,15206.6560746687,12339
30139,12052.07160863283,2057
30140,9957.004642227967,743
30141,9484.205508638266,44798
30142,10687.12910973703,9517
30143,12167.95856919973,16706
30144,11602.56297487733,8936
30145,12579.20269224207,5008
30146,10894.1904808991,941
30147,8069.105925450501,5595
30148,9625.391574808433,8505
30149,5055.264427115867,9362
30150,11416.51007480037,3524
30151,12155.73501794423,7430
30152,14021.56366249243,3820
30153,10118.12494251673,1831
30154,10628.07907718317,3688
30155,12624.1614213747,27305
30156,9116.3117603343,1472
30157,10977.26314470363,5623
30158,13508.27496709217,7569
30159,8789.156480126167,5693
30160,13685.53479978763,30023
30161,11904.35640956933,10052
30162,9708.314075732766,1704
30163,7853.859116615767,1298
30164,12640.14603538347,4900
30165,9983.9157625639,2373
30166,9952.818112355899,2797
30167,12371.02129872643,4216
30168,10113.7466626549,4104
30169,13696.41612063123,7302
30170,8291.240816794967,2846
30171,10871.7842864392,1449
30172,13060.2113835988,5763
30173,13910.19444990723,15416
30174,11878.06185394053,30807
30175,12071.95921614303,26204
30176,12746.70339120383,1472
30177,10918.7086583858,2821
30178,13058.95222168163,4424
30179,12577.11607720503,1218
30180,8748.7557501062,3040
30181,15602.55791571163,12538
30182,12629.2605775392,4996
30183,13657.42409491217,17505
30184,10064.96061495747,1897
30185,12045.0938953679,1360
30186,13090.6716795258,2091
30187,8648.939145095801,1393
30188,12245.8407796905,4599
30189,15576.382437502,46511
30190,12564.22130894643,824
30191,17653.2102829085,9916
30192,13819.93126029877,6549
30193,18295.59065409917,202082
30194,11055.75598239277,2937
30195,8048.4974768726,1500
30196,16148.2031053065,5533
30197,10850.55959858293,3310
30198,8383.3617391794,1997
30199,9899.243933120333,3166
30200,12055.1079535694,3486
30201,9861.967339191468,12233
30202,7447.410367110333,3954
30203,9418.400572678667,3605
30204,17199.0150118761,13724
30205,15542.53549521313,5589
30206,23677.71087645023,8979
30207,17042.7951650729,14166
30208,15599.74493585667,7826
30209,8326.368900777701,4341
30210,8832.9498019729,7758
30211,15119.198752125,9387
30212,8653.7603042859,3600
31001,14389.3452403178,1822
31002,17171.18234992967,4259
31003,11301.4677261024,3277
31004,19002.29771135603,1751
31005,11750.33728536463,634
31006,12226.57835036717,2687
31007,12836.85729146437,2051
31008,10519.50417997517,1157
31009,13365.43063186493,1315
31010,10072.0144620979,746
31011,12555.51890505077,2369
31012,10924.06576429393,1188
31013,19464.77338977613,4989
31014,11028.6116398295,441
31015,12831.58890285597,1513
31016,10044.9459985529,725
31017,10628.38374909407,1237
31018,13330.4661344854,965
31019,13596.98110773523,8509
31020,16299.4453917957,1312
31021,11927.2175558313,2059
31022,9684.763379687034,1014
31023,15481.44655151573,1456
31024,10719.9620770555,894
31025,10732.67675509453,1472
31026,16860.65939078317,1091
31027,16331.94735879553,2494
31028,14454.6355076599,882
31029,11970.7552776834,1922
31030,10947.71283254667,1079
31031,10624.9401616298,792
31032,7993.812705464067,4237
31033,14767.58904123963,5766
31034,13597.72581491767,1686
31035,12699.69601437257,1834
31036,12270.84214127747,2229
31037,11954.5251783833,1578
31038,15667.32847806627,8941
31039,15990.9671712349,1120
31040,17864.4286925581,7900
31041,17675.4881547277,40023
31042,12249.4770914647,1561
31043,10564.4982838094,845
31044,13511.57054437287,2011
31045,12073.3014439137,788
31046,11222.32026058797,866
31047,11370.376830576,1555
31048,14499.2626017744,6320
31049,9410.731472159267,945
31050,27024.88518660603,303783
31051,18850.48977003753,1004
31052,14018.32765421003,10132
31053,15334.28726472257,3410
31054,14485.6560734179,866
31055,10775.8002684537,1914
31056,13582.4257448154,8570
31057,12277.1707658065,2215
31058,17418.07252910753,6401
31059,21711.6613916753,18503
31060,10377.27574547893,305
31061,19003.186299851,1101
31062,11600.3139097761,1373
31063,12882.0514968352,1442
31064,14810.66134249687,484
31065,15448.85422929627,632
31066,15220.0492488565,1124
31067,12602.57553656867,2698
31068,15278.02554485223,993
31069,11012.0656798662,2398
31070,13592.84307972927,1177
31071,10800.16662547793,579
31072,12574.06317448833,572
31073,8315.8869402107,1277
31074,12316.2497510102,1089
31075,11163.39403294957,1676
31076,15701.9077414751,4720
31077,10674.51282337267,775
31078,12681.45886886007,1082
31079,14288.39979634883,11535
31080,11029.65029292807,2797
31081,10247.65935190513,801
31082,17090.5857286696,1121
31083,21900.5035743759,568
31084,12484.22724531517,1878
31085,11463.83089364067,4260
31086,12642.93814401343,682
31087,14918.63149034577,1485
31088,12470.57144265823,570
31089,18528.66313810063,10075
31090,13853.41212221257,1809
31091,13291.0912808878,3233
31092,8410.865550342967,1937
31093,16299.71415904743,5136
31094,10601.450327815,1421
31095,19829.07544991783,1537
31096,15768.02201559913,21277
31097,11060.3466004634,1094
31098,10574.29450352933,4004
31099,10596.68346109397,1008
31100,15451.65858798997,1139
31101,19487.0861670953,19361
31102,17744.82309633317,22070
31103,11883.20687230893,900
31104,11815.76314614463,4194
31105,14790.1802978466,908
31106,14055.56971618943,683
32001,14140.34168383167,1812
32002,12854.735021089,1345
32003,16304.15750448177,766
32004,12447.19266865997,1273
32005,16744.05188618647,11991
32006,13149.59841409733,2227
32007,19690.91670599927,3245
32008,13736.9346932022,3230
32009,15464.77773493923,2675
32010,17221.5665573592,64037
32011,12641.5977236489,1080
32012,14389.48495595693,2054
32013,16208.6794745919,1813
32014,10347.21258568147,5404
32015,12995.95380694227,531
32016,12262.2449828425,6040
32017,21603.30138896627,60452
32018,14546.27521822413,1357
32019,16540.99337540697,7092
32020,14878.84150731913,17849
32021,9789.093156718933,1080
32022,14538.99746941397,5395
32023,17626.8373294854,3888
32024,16588.1816695949,12996
32025,16612.70198355993,3267
32026,20210.19419018213,4645
32027,17048.78503490417,721
32028,12851.8612420058,735
32029,14630.8745368711,5878
32030,17911.1509842595,791
32031,16957.81535843594,2785
32032,20436.05919616767,3614
32033,11152.4620465508,1458
32034,15905.72831986433,8465
32035,12414.7381726954,4126
32036,16860.83606097123,10889
32037,12832.4930764896,4742
32038,12659.81655852543,19270
32039,13449.58206251813,17710
32040,11309.8870119772,5504
32041,10963.9394157024,733
32042,15272.69001403863,17191
32043,15320.43325108753,404
32044,13851.22414112417,4537
32045,12006.8859508205,2553
32046,17909.90700287753,2066
32047,17893.01424914337,1655
32048,14734.60781543867,7989
32049,14119.2443524871,9089
32050,13051.23999146193,2642
32051,9966.933162328867,9185
32052,14000.60472155233,4936
32053,13338.0787131205,3492
32054,9432.4193731221,4951
32055,14817.5463746078,9045
32056,23114.92787837103,42394
32057,15686.33201887947,4669
32058,13306.7561431187,860
