n_palabra;n_bloque;palabra;inicio_s;fin_s;duracion_s;inicio_hms;fin_hms;probabilidad
1;1;Un;0.000;0.220;0.220;00:00:00.000;00:00:00.220;0.9868
2;1;trabajo;0.220;0.440;0.220;00:00:00.220;00:00:00.440;1.0000
3;1;formal;0.440;0.840;0.400;00:00:00.440;00:00:00.840;0.9995
4;1;en;0.840;1.040;0.200;00:00:00.840;00:00:01.040;0.9995
5;1;México;1.040;1.280;0.240;00:00:01.040;00:00:01.280;0.9990
6;1;paga,;1.280;1.680;0.400;00:00:01.280;00:00:01.680;1.0000
7;1;en;1.760;2.020;0.260;00:00:01.760;00:00:02.020;1.0000
8;1;promedio,;2.020;2.560;0.540;00:00:02.020;00:00:02.560;1.0000
9;1;el;2.580;2.980;0.400;00:00:02.580;00:00:02.980;1.0000
10;1;doble;2.980;3.240;0.260;00:00:02.980;00:00:03.240;1.0000
11;1;que;3.240;3.300;0.060;00:00:03.240;00:00:03.300;0.9995
12;1;un;3.300;3.420;0.120;00:00:03.300;00:00:03.420;0.8696
13;1;informal.;3.420;3.680;0.260;00:00:03.420;00:00:03.680;0.9956
14;2;Pero;3.940;4.460;0.520;00:00:03.940;00:00:04.460;1.0000
15;2;desafortunadamente,;4.460;5.420;0.960;00:00:04.460;00:00:05.420;0.9863
16;2;más;5.560;5.820;0.260;00:00:05.560;00:00:05.820;1.0000
17;2;de;5.820;5.960;0.140;00:00:05.820;00:00:05.960;1.0000
18;2;la;5.960;6.040;0.080;00:00:05.960;00:00:06.040;1.0000
19;2;mitad;6.040;6.280;0.240;00:00:06.040;00:00:06.280;1.0000
20;2;de;6.280;6.400;0.120;00:00:06.280;00:00:06.400;1.0000
21;2;las;6.400;6.500;0.100;00:00:06.400;00:00:06.500;1.0000
22;2;personas;6.500;6.800;0.300;00:00:06.500;00:00:06.800;1.0000
23;3;que;6.800;7.060;0.260;00:00:06.800;00:00:07.060;1.0000
24;3;trabajan;7.060;7.520;0.460;00:00:07.060;00:00:07.520;1.0000
25;3;están;7.520;7.720;0.200;00:00:07.520;00:00:07.720;1.0000
26;3;en;7.720;7.940;0.220;00:00:07.720;00:00:07.940;1.0000
27;3;la;7.940;8.040;0.100;00:00:07.940;00:00:08.040;1.0000
28;3;informalidad.;8.040;8.560;0.520;00:00:08.040;00:00:08.560;1.0000
29;4;Esta;8.820;9.340;0.520;00:00:08.820;00:00:09.340;0.9766
30;4;semana;9.340;9.680;0.340;00:00:09.340;00:00:09.680;1.0000
31;4;salen;9.680;10.020;0.340;00:00:09.680;00:00:10.020;1.0000
32;4;los;10.020;10.140;0.120;00:00:10.020;00:00:10.140;1.0000
33;4;datos;10.140;10.400;0.260;00:00:10.140;00:00:10.400;1.0000
34;4;nuevos;10.400;10.760;0.360;00:00:10.400;00:00:10.760;1.0000
35;4;sobre;10.760;11.080;0.320;00:00:10.760;00:00:11.080;1.0000
36;4;el;11.080;11.220;0.140;00:00:11.080;00:00:11.220;1.0000
37;4;mercado;11.220;11.460;0.240;00:00:11.220;00:00:11.460;0.9990
38;4;laboral;11.460;11.920;0.460;00:00:11.460;00:00:11.920;1.0000
39;5;mexicano,;11.920;12.380;0.460;00:00:11.920;00:00:12.380;1.0000
40;5;que;12.460;12.860;0.400;00:00:12.460;00:00:12.860;1.0000
41;5;nos;12.860;12.980;0.120;00:00:12.860;00:00:12.980;1.0000
42;5;permitirán;12.980;13.420;0.440;00:00:12.980;00:00:13.420;1.0000
43;5;actualizar;13.420;13.900;0.480;00:00:13.420;00:00:13.900;1.0000
44;5;estas;13.900;14.320;0.420;00:00:13.900;00:00:14.320;1.0000
45;5;cifras.;14.320;14.740;0.420;00:00:14.320;00:00:14.740;1.0000
46;6;Yo;14.960;15.360;0.400;00:00:14.960;00:00:15.360;1.0000
47;6;soy;15.360;15.480;0.120;00:00:15.360;00:00:15.480;1.0000
48;6;Juvenal;15.480;15.820;0.340;00:00:15.480;00:00:15.820;0.9976
49;6;Campos;15.820;16.220;0.400;00:00:15.820;00:00:16.220;0.9995
50;6;y;16.220;16.400;0.180;00:00:16.220;00:00:16.400;0.6689
51;6;esta;16.400;16.600;0.200;00:00:16.400;00:00:16.600;0.9937
52;6;es;16.600;16.680;0.080;00:00:16.600;00:00:16.680;1.0000
53;6;la;16.680;16.760;0.080;00:00:16.680;00:00:16.760;0.9995
54;6;Agenda;16.760;16.980;0.220;00:00:16.760;00:00:16.980;0.8867
55;6;Económica;16.980;17.400;0.420;00:00:16.980;00:00:17.400;1.0000
56;6;de;17.400;17.560;0.160;00:00:17.400;00:00:17.560;1.0000
57;6;México.;17.560;17.840;0.280;00:00:17.560;00:00:17.840;1.0000
58;7;¿Cómo;18.060;18.480;0.420;00:00:18.060;00:00:18.480;0.9639
59;7;vamos?;18.480;18.740;0.260;00:00:18.480;00:00:18.740;1.0000
60;8;Del;18.940;19.220;0.280;00:00:18.940;00:00:19.220;0.9966
61;8;24;19.220;19.580;0.360;00:00:19.220;00:00:19.580;1.0000
62;8;al;19.580;19.820;0.240;00:00:19.580;00:00:19.820;1.0000
63;8;28;19.820;20.000;0.180;00:00:19.820;00:00:20.000;1.0000
64;8;de;20.000;20.300;0.300;00:00:20.000;00:00:20.300;1.0000
65;8;agosto,;20.300;20.560;0.260;00:00:20.300;00:00:20.560;0.9971
66;8;que;20.660;21.100;0.440;00:00:20.660;00:00:21.100;1.0000
67;8;viene;21.100;21.280;0.180;00:00:21.100;00:00:21.280;1.0000
68;8;bastante;21.280;21.640;0.360;00:00:21.280;00:00:21.640;1.0000
69;8;cargadita.;21.640;22.240;0.600;00:00:21.640;00:00:22.240;1.0000
70;9;El;22.440;22.820;0.380;00:00:22.440;00:00:22.820;0.9995
71;9;lunes;22.820;23.120;0.300;00:00:22.820;00:00:23.120;1.0000
72;9;es;23.120;23.300;0.180;00:00:23.120;00:00:23.300;1.0000
73;9;día;23.300;23.480;0.180;00:00:23.300;00:00:23.480;0.8394
74;9;cargado;23.480;24.080;0.600;00:00:23.480;00:00:24.080;1.0000
75;9;de;24.080;24.200;0.120;00:00:24.080;00:00:24.200;1.0000
76;9;información,;24.200;24.480;0.280;00:00:24.200;00:00:24.480;1.0000
77;10;ya;24.840;25.380;0.540;00:00:24.840;00:00:25.380;1.0000
78;10;que;25.380;25.480;0.100;00:00:25.380;00:00:25.480;1.0000
79;10;sale;25.480;25.760;0.280;00:00:25.480;00:00:25.760;1.0000
80;10;el;25.760;25.920;0.160;00:00:25.760;00:00:25.920;1.0000
81;10;PIB;25.920;26.180;0.260;00:00:25.920;00:00:26.180;0.9868
82;10;del;26.180;26.320;0.140;00:00:26.180;00:00:26.320;1.0000
83;10;segundo;26.320;26.560;0.240;00:00:26.320;00:00:26.560;1.0000
84;10;trimestre,;26.560;27.140;0.580;00:00:26.560;00:00:27.140;1.0000
85;10;inflación;27.140;27.980;0.840;00:00:27.140;00:00:27.980;0.6768
86;10;de;27.980;28.060;0.080;00:00:27.980;00:00:28.060;0.9941
87;10;la;28.060;28.140;0.080;00:00:28.060;00:00:28.140;0.9985
88;10;primera;28.140;28.380;0.240;00:00:28.140;00:00:28.380;0.9990
89;11;quincena;28.380;28.880;0.500;00:00:28.380;00:00:28.880;0.9995
90;11;de;28.880;29.000;0.120;00:00:28.880;00:00:29.000;0.9995
91;11;agosto;29.000;29.320;0.320;00:00:29.000;00:00:29.320;0.9980
92;11;y;29.320;29.640;0.320;00:00:29.320;00:00:29.640;0.8979
93;11;la;29.640;29.740;0.100;00:00:29.640;00:00:29.740;0.9971
94;11;actividad;29.740;30.140;0.400;00:00:29.740;00:00:30.140;0.9980
95;11;económica;30.140;30.720;0.580;00:00:30.140;00:00:30.720;1.0000
96;11;de;30.720;30.840;0.120;00:00:30.720;00:00:30.840;0.9995
97;11;junio.;30.840;31.160;0.320;00:00:30.840;00:00:31.160;0.9995
98;12;Con;31.300;31.840;0.540;00:00:31.300;00:00:31.840;0.9976
99;12;todo;31.840;32.060;0.220;00:00:31.840;00:00:32.060;0.9990
100;12;esto;32.060;32.340;0.280;00:00:32.060;00:00:32.340;0.9995
101;12;actualizamos;32.340;32.880;0.540;00:00:32.340;00:00:32.880;0.9751
102;12;dos;32.880;33.120;0.240;00:00:32.880;00:00:33.120;0.9810
103;12;semáforos,;33.120;33.780;0.660;00:00:33.120;00:00:33.780;1.0000
104;12;el;33.780;33.980;0.200;00:00:33.780;00:00:33.980;0.9995
105;12;de;33.980;34.080;0.100;00:00:33.980;00:00:34.080;0.9980
106;12;crecimiento;34.080;34.640;0.560;00:00:34.080;00:00:34.640;0.9971
107;12;y;34.640;34.980;0.340;00:00:34.640;00:00:34.980;0.9995
108;12;el;34.980;35.120;0.140;00:00:34.980;00:00:35.120;1.0000
109;12;de;35.120;35.240;0.120;00:00:35.120;00:00:35.240;1.0000
110;12;inflación.;35.240;35.580;0.340;00:00:35.240;00:00:35.580;1.0000
111;13;Los;35.880;36.320;0.440;00:00:35.880;00:00:36.320;1.0000
112;13;resultados;36.320;36.680;0.360;00:00:36.320;00:00:36.680;1.0000
113;13;ya;36.680;36.900;0.220;00:00:36.680;00:00:36.900;0.9995
114;13;los;36.900;37.020;0.120;00:00:36.900;00:00:37.020;1.0000
115;13;puedes;37.020;37.220;0.200;00:00:37.020;00:00:37.220;0.9995
116;13;consultar;37.220;37.740;0.520;00:00:37.220;00:00:37.740;1.0000
117;13;en;37.740;37.880;0.140;00:00:37.740;00:00:37.880;1.0000
118;13;mexicocomovamos;37.880;38.840;0.960;00:00:37.880;00:00:38.840;0.7617
119;13;.mx;38.840;39.500;0.660;00:00:38.840;00:00:39.500;1.0000
120;13;al;39.500;39.940;0.440;00:00:39.500;00:00:39.940;0.9961
121;13;publicar;39.940;40.400;0.460;00:00:39.940;00:00:40.400;1.0000
122;13;este;40.400;40.560;0.160;00:00:40.400;00:00:40.560;0.9990
123;13;video.;40.560;40.820;0.260;00:00:40.560;00:00:40.820;0.9810
124;14;El;41.040;41.360;0.320;00:00:41.040;00:00:41.360;0.9980
125;14;martes;41.360;41.760;0.400;00:00:41.360;00:00:41.760;1.0000
126;14;viene;41.760;41.960;0.200;00:00:41.760;00:00:41.960;0.9995
127;14;lo;41.960;42.220;0.260;00:00:41.960;00:00:42.220;0.9995
128;14;bueno,;42.220;42.500;0.280;00:00:42.220;00:00:42.500;1.0000
129;14;si;42.580;42.900;0.320;00:00:42.580;00:00:42.900;1.0000
130;14;estás;42.900;43.140;0.240;00:00:42.900;00:00:43.140;0.9995
131;14;en;43.140;43.320;0.180;00:00:43.140;00:00:43.320;1.0000
132;14;el;43.320;43.440;0.120;00:00:43.320;00:00:43.440;0.9941
133;14;mundo;43.440;43.620;0.180;00:00:43.440;00:00:43.620;0.9902
134;14;de;43.620;43.760;0.140;00:00:43.620;00:00:43.760;1.0000
135;14;los;43.760;43.880;0.120;00:00:43.760;00:00:43.880;0.9995
136;14;datos.;43.880;44.160;0.280;00:00:43.880;00:00:44.160;1.0000
137;15;La;44.640;44.940;0.300;00:00:44.640;00:00:44.940;0.9980
138;15;ENOE,;44.940;45.280;0.340;00:00:44.940;00:00:45.280;0.9453
139;15;la;45.400;45.760;0.360;00:00:45.400;00:00:45.760;0.9990
140;15;Radiografía;45.760;46.420;0.660;00:00:45.760;00:00:46.420;0.8306
141;15;del;46.420;46.540;0.120;00:00:46.420;00:00:46.540;1.0000
142;15;Mercado;46.540;47.000;0.460;00:00:46.540;00:00:47.000;0.9990
143;15;Laboral,;47.000;47.480;0.480;00:00:47.000;00:00:47.480;1.0000
144;15;la;47.520;47.960;0.440;00:00:47.520;00:00:47.960;0.9990
145;15;base;47.960;48.180;0.220;00:00:47.960;00:00:48.180;0.9995
146;15;que;48.180;48.380;0.200;00:00:48.180;00:00:48.380;1.0000
147;15;nos;48.380;48.500;0.120;00:00:48.380;00:00:48.500;1.0000
148;15;dice;48.500;48.700;0.200;00:00:48.500;00:00:48.700;1.0000
149;15;cómo;48.700;48.880;0.180;00:00:48.700;00:00:48.880;0.9995
150;16;avanzó;48.880;49.220;0.340;00:00:48.880;00:00:49.220;1.0000
151;16;la;49.220;49.320;0.100;00:00:49.220;00:00:49.320;0.9995
152;16;formalidad;49.320;49.920;0.600;00:00:49.320;00:00:49.920;1.0000
153;16;y;49.920;50.180;0.260;00:00:49.920;00:00:50.180;1.0000
154;16;cuánto;50.180;50.560;0.380;00:00:50.180;00:00:50.560;1.0000
155;16;ganan;50.560;50.780;0.220;00:00:50.560;00:00:50.780;1.0000
156;16;los;50.780;50.900;0.120;00:00:50.780;00:00:50.900;1.0000
157;16;trabajadores;50.900;51.460;0.560;00:00:50.900;00:00:51.460;1.0000
158;16;en;51.460;51.720;0.260;00:00:51.460;00:00:51.720;1.0000
159;16;México.;51.720;51.980;0.260;00:00:51.720;00:00:51.980;1.0000
160;17;Esta;52.280;52.800;0.520;00:00:52.280;00:00:52.800;0.9995
161;17;base;52.800;53.040;0.240;00:00:52.800;00:00:53.040;1.0000
162;17;se;53.040;53.220;0.180;00:00:53.040;00:00:53.220;1.0000
163;17;actualiza;53.220;53.640;0.420;00:00:53.220;00:00:53.640;1.0000
164;17;al;53.640;53.720;0.080;00:00:53.640;00:00:53.720;0.9673
165;17;segundo;53.720;54.000;0.280;00:00:53.720;00:00:54.000;0.9995
166;17;trimestre.;54.000;54.580;0.580;00:00:54.000;00:00:54.580;0.9990
167;18;Al;54.760;55.200;0.440;00:00:54.760;00:00:55.200;0.9912
168;18;respecto,;55.200;55.540;0.340;00:00:55.200;00:00:55.540;0.9990
169;18;tenemos;55.700;56.000;0.300;00:00:55.700;00:00:56.000;0.9995
170;18;dos;56.000;56.220;0.220;00:00:56.000;00:00:56.220;0.9429
171;18;pendientes;56.220;56.800;0.580;00:00:56.220;00:00:56.800;0.9995
172;18;estructurales.;56.800;57.120;0.320;00:00:56.800;00:00:57.120;0.7271
173;19;El;57.140;57.760;0.620;00:00:57.140;00:00:57.760;0.3130
174;19;primero,;57.760;58.240;0.480;00:00:57.760;00:00:58.240;0.9922
175;19;la;58.340;58.440;0.100;00:00:58.340;00:00:58.440;1.0000
176;19;informalidad,;58.440;59.120;0.680;00:00:58.440;00:00:59.120;0.9995
177;19;ya;59.220;59.940;0.720;00:00:59.220;00:00:59.940;1.0000
178;19;que;59.940;60.040;0.100;00:00:59.940;00:01:00.040;1.0000
179;19;el;60.040;60.160;0.120;00:01:00.040;00:01:00.160;1.0000
180;19;trimestre;60.160;60.520;0.360;00:01:00.160;00:01:00.520;1.0000
181;19;pasado;60.520;60.760;0.240;00:01:00.520;00:01:00.760;1.0000
182;20;el;60.760;60.960;0.200;00:01:00.760;00:01:00.960;0.9961
183;20;54;60.960;61.240;0.280;00:01:00.960;00:01:01.240;1.0000
184;20;.8;61.240;62.280;1.040;00:01:01.240;00:01:02.280;0.9995
185;20;%;62.280;62.640;0.360;00:01:02.280;00:01:02.640;0.9976
186;20;de;62.640;62.960;0.320;00:01:02.640;00:01:02.960;1.0000
187;20;la;62.960;63.020;0.060;00:01:02.960;00:01:03.020;1.0000
188;20;población;63.020;63.340;0.320;00:01:03.020;00:01:03.340;1.0000
189;20;ocupada;63.340;63.820;0.480;00:01:03.340;00:01:03.820;1.0000
190;20;en;63.820;63.960;0.140;00:01:03.820;00:01:03.960;1.0000
191;20;México;63.960;64.240;0.280;00:01:03.960;00:01:04.240;1.0000
192;21;trabaja;64.880;65.480;0.600;00:01:04.880;00:01:05.480;0.9990
193;21;en;65.480;65.520;0.040;00:01:05.480;00:01:05.520;1.0000
194;21;un;65.520;65.620;0.100;00:01:05.520;00:01:05.620;1.0000
195;21;empleo;65.620;66.040;0.420;00:01:05.620;00:01:06.040;1.0000
196;21;sin;66.040;66.140;0.100;00:01:06.040;00:01:06.140;1.0000
197;21;prestaciones;66.140;66.760;0.620;00:01:06.140;00:01:06.760;1.0000
198;21;ni;66.760;67.000;0.240;00:01:06.760;00:01:07.000;1.0000
199;21;seguridad;67.000;67.380;0.380;00:01:07.000;00:01:07.380;0.9995
200;21;social.;67.380;67.840;0.460;00:01:07.380;00:01:07.840;1.0000
201;22;Además,;68.420;69.020;0.600;00:01:08.420;00:01:09.020;1.0000
202;22;la;69.140;69.260;0.120;00:01:09.140;00:01:09.260;1.0000
203;22;participación;69.260;69.880;0.620;00:01:09.260;00:01:09.880;1.0000
204;22;laboral;69.880;70.320;0.440;00:01:09.880;00:01:10.320;1.0000
205;22;de;70.320;70.400;0.080;00:01:10.320;00:01:10.400;1.0000
206;22;las;70.400;70.480;0.080;00:01:10.400;00:01:10.480;1.0000
207;22;mujeres;70.480;70.780;0.300;00:01:10.480;00:01:10.780;1.0000
208;22;está;70.780;71.260;0.480;00:01:10.780;00:01:11.260;1.0000
209;22;muy;71.260;71.480;0.220;00:01:11.260;00:01:11.480;1.0000
210;22;baja,;71.480;71.760;0.280;00:01:11.480;00:01:11.760;1.0000
211;22;con;71.880;72.320;0.440;00:01:11.880;00:01:12.320;1.0000
212;22;una;72.320;72.460;0.140;00:01:12.320;00:01:12.460;1.0000
213;22;brecha;72.460;72.780;0.320;00:01:12.460;00:01:12.780;1.0000
214;22;de;72.780;72.880;0.100;00:01:12.780;00:01:12.880;1.0000
215;23;casi;72.880;73.020;0.140;00:01:12.880;00:01:13.020;1.0000
216;23;30;73.020;73.340;0.320;00:01:13.020;00:01:13.340;1.0000
217;23;puntos;73.340;73.720;0.380;00:01:13.340;00:01:13.720;0.9946
218;23;porcentuales;73.720;74.540;0.820;00:01:13.720;00:01:14.540;1.0000
219;23;con;74.540;74.660;0.120;00:01:14.540;00:01:14.660;1.0000
220;23;respecto;74.660;74.940;0.280;00:01:14.660;00:01:14.940;1.0000
221;23;a;74.940;75.180;0.240;00:01:14.940;00:01:15.180;1.0000
222;23;la;75.180;75.240;0.060;00:01:15.180;00:01:15.240;1.0000
223;23;tasa;75.240;75.560;0.320;00:01:15.240;00:01:15.560;0.9995
224;23;de;75.560;75.580;0.020;00:01:15.560;00:01:15.580;1.0000
225;23;participación;75.580;76.320;0.740;00:01:15.580;00:01:16.320;1.0000
226;23;masculina.;76.320;76.920;0.600;00:01:16.320;00:01:16.920;1.0000
227;24;Esto;77.120;77.720;0.600;00:01:17.120;00:01:17.720;1.0000
228;24;importa;77.720;78.020;0.300;00:01:17.720;00:01:18.020;1.0000
229;24;porque;78.020;78.820;0.800;00:01:18.020;00:01:18.820;0.9917
230;24;casi;78.820;79.080;0.260;00:01:18.820;00:01:19.080;1.0000
231;24;el;79.080;79.280;0.200;00:01:19.080;00:01:19.280;1.0000
232;24;70;79.280;79.460;0.180;00:01:19.280;00:01:19.460;1.0000
233;24;%;79.460;79.840;0.380;00:01:19.460;00:01:19.840;1.0000
234;24;del;79.840;80.140;0.300;00:01:19.840;00:01:20.140;1.0000
235;24;ingreso;80.140;80.540;0.400;00:01:20.140;00:01:20.540;1.0000
236;24;de;80.540;80.620;0.080;00:01:20.540;00:01:20.620;1.0000
237;24;las;80.620;80.720;0.100;00:01:20.620;00:01:20.720;1.0000
238;24;familias;80.720;81.280;0.560;00:01:20.720;00:01:21.280;1.0000
239;25;justamente;81.280;81.640;0.360;00:01:21.280;00:01:21.640;0.9980
240;25;viene;81.640;82.440;0.800;00:01:21.640;00:01:22.440;1.0000
241;25;del;82.440;82.720;0.280;00:01:22.440;00:01:22.720;1.0000
242;25;ingreso;82.720;83.120;0.400;00:01:22.720;00:01:23.120;1.0000
243;25;del;83.120;83.260;0.140;00:01:23.120;00:01:23.260;1.0000
244;25;trabajo.;83.260;83.540;0.280;00:01:23.260;00:01:23.540;1.0000
245;26;El;83.900;84.500;0.600;00:01:23.900;00:01:24.500;0.9980
246;26;miércoles;84.500;84.940;0.440;00:01:24.500;00:01:24.940;1.0000
247;26;toca;84.940;85.160;0.220;00:01:24.940;00:01:25.160;0.9922
248;26;revisar;85.160;85.720;0.560;00:01:25.160;00:01:25.720;0.9995
249;26;pobreza;85.720;86.180;0.460;00:01:25.720;00:01:26.180;0.9873
250;26;laboral,;86.180;86.660;0.480;00:01:26.180;00:01:26.660;1.0000
251;27;aquellas;87.220;87.260;0.040;00:01:27.220;00:01:27.260;0.9277
252;27;personas;87.260;87.540;0.280;00:01:27.260;00:01:27.540;0.9990
253;27;cuyo;87.540;87.900;0.360;00:01:27.540;00:01:27.900;0.9980
254;27;ingreso;87.900;88.220;0.320;00:01:27.900;00:01:28.220;0.9990
255;27;por;88.220;88.400;0.180;00:01:28.220;00:01:28.400;0.9966
256;27;trabajar;88.400;88.740;0.340;00:01:28.400;00:01:28.740;0.9956
257;27;no;88.740;89.020;0.280;00:01:28.740;00:01:29.020;0.9961
258;27;alcanza;89.020;89.500;0.480;00:01:29.020;00:01:29.500;0.9966
259;27;ni;89.500;89.580;0.080;00:01:29.500;00:01:29.580;0.9966
260;27;para;89.580;89.740;0.160;00:01:29.580;00:01:29.740;0.9985
261;28;pagar;89.740;90.060;0.320;00:01:29.740;00:01:30.060;0.9995
262;28;la;90.060;90.300;0.240;00:01:30.060;00:01:30.300;0.9980
263;28;canasta;90.300;90.660;0.360;00:01:30.300;00:01:30.660;0.9995
264;28;alimentaria;90.660;91.360;0.700;00:01:30.660;00:01:31.360;0.9990
265;28;de;91.360;91.880;0.520;00:01:31.360;00:01:31.880;0.9961
266;28;los;91.880;92.040;0.160;00:01:31.880;00:01:32.040;0.9980
267;28;miembros;92.040;92.400;0.360;00:01:32.040;00:01:32.400;0.9995
268;28;de;92.400;92.540;0.140;00:01:32.400;00:01:32.540;0.9985
269;28;su;92.540;92.680;0.140;00:01:32.540;00:01:32.680;0.9990
270;28;hogar.;92.680;92.920;0.240;00:01:32.680;00:01:32.920;1.0000
271;29;Si;93.000;93.260;0.260;00:01:33.000;00:01:33.260;0.9971
272;29;bien;93.260;93.400;0.140;00:01:33.260;00:01:33.400;0.9990
273;29;el;93.400;93.540;0.140;00:01:33.400;00:01:33.540;0.9985
274;29;trimestre;93.540;93.940;0.400;00:01:33.540;00:01:33.940;1.0000
275;29;pasado;93.940;94.160;0.220;00:01:33.940;00:01:34.160;1.0000
276;29;marcó;94.160;94.680;0.520;00:01:34.160;00:01:34.680;0.9971
277;29;su;94.680;94.780;0.100;00:01:34.680;00:01:34.780;0.9990
278;29;mínimo;94.780;95.060;0.280;00:01:34.780;00:01:35.060;0.9980
279;29;histórico,;95.060;95.680;0.620;00:01:35.060;00:01:35.680;1.0000
280;29;o;95.780;96.080;0.300;00:01:35.780;00:01:36.080;0.9966
281;29;sea,;96.080;96.220;0.140;00:01:36.080;00:01:36.220;0.9995
282;30;el;96.240;96.380;0.140;00:01:36.240;00:01:36.380;0.9995
283;30;número;96.380;96.620;0.240;00:01:36.380;00:01:36.620;0.9995
284;30;más;96.620;96.840;0.220;00:01:36.620;00:01:36.840;1.0000
285;30;bajo;96.840;97.160;0.320;00:01:36.840;00:01:37.160;1.0000
286;30;que;97.160;97.360;0.200;00:01:37.160;00:01:37.360;1.0000
287;30;ha;97.360;97.440;0.080;00:01:37.360;00:01:37.440;1.0000
288;30;tenido;97.440;97.740;0.300;00:01:37.440;00:01:37.740;1.0000
289;30;en;97.740;97.900;0.160;00:01:37.740;00:01:37.900;1.0000
290;30;la;97.900;97.940;0.040;00:01:37.900;00:01:37.940;1.0000
291;30;historia,;97.940;98.220;0.280;00:01:37.940;00:01:38.220;1.0000
292;30;aún;98.440;98.740;0.300;00:01:38.440;00:01:38.740;0.9985
293;30;así;98.740;98.940;0.200;00:01:38.740;00:01:38.940;1.0000
294;30;son;98.940;99.140;0.200;00:01:38.940;00:01:39.140;0.9995
295;30;más;99.140;99.300;0.160;00:01:39.140;00:01:39.300;1.0000
296;31;de;99.300;99.440;0.140;00:01:39.300;00:01:39.440;1.0000
297;31;40;99.440;99.720;0.280;00:01:39.440;00:01:39.720;0.9985
298;31;millones;99.720;100.060;0.340;00:01:39.720;00:01:40.060;1.0000
299;31;de;100.060;100.380;0.320;00:01:40.060;00:01:40.380;1.0000
300;31;personas;100.380;100.700;0.320;00:01:40.380;00:01:40.700;1.0000
301;31;que;100.700;101.060;0.360;00:01:40.700;00:01:41.060;1.0000
302;31;viven;101.060;101.260;0.200;00:01:41.060;00:01:41.260;0.9990
303;31;en;101.260;101.400;0.140;00:01:41.260;00:01:41.400;1.0000
304;31;esta;101.400;101.640;0.240;00:01:41.400;00:01:41.640;1.0000
305;31;situación.;101.640;102.020;0.380;00:01:41.640;00:01:42.020;1.0000
306;32;La;102.360;102.880;0.520;00:01:42.360;00:01:42.880;1.0000
307;32;salida;102.880;103.320;0.440;00:01:42.880;00:01:43.320;1.0000
308;32;es;103.320;103.400;0.080;00:01:43.320;00:01:43.400;1.0000
309;32;una.;103.400;103.600;0.200;00:01:43.400;00:01:43.600;1.0000
310;33;Nos;103.720;104.180;0.460;00:01:43.720;00:01:44.180;1.0000
311;33;toca;104.180;104.420;0.240;00:01:44.180;00:01:44.420;1.0000
312;33;crear;104.420;104.720;0.300;00:01:44.420;00:01:44.720;1.0000
313;33;más;104.720;105.000;0.280;00:01:44.720;00:01:45.000;1.0000
314;33;empleos;105.000;105.560;0.560;00:01:45.000;00:01:45.560;1.0000
315;33;formales;105.560;106.000;0.440;00:01:45.560;00:01:46.000;1.0000
316;33;en;106.000;106.160;0.160;00:01:46.000;00:01:46.160;1.0000
317;33;el;106.160;106.260;0.100;00:01:46.160;00:01:46.260;1.0000
318;33;país.;106.260;106.520;0.260;00:01:46.260;00:01:46.520;1.0000
319;34;El;106.800;107.160;0.360;00:01:46.800;00:01:47.160;0.9995
320;34;jueves;107.160;107.420;0.260;00:01:47.160;00:01:47.420;1.0000
321;34;sale;107.420;107.560;0.140;00:01:47.420;00:01:47.560;1.0000
322;34;la;107.560;107.720;0.160;00:01:47.560;00:01:47.720;0.9995
323;34;balanza;107.720;108.080;0.360;00:01:47.720;00:01:48.080;0.9971
324;34;comercial;108.080;108.300;0.220;00:01:48.080;00:01:48.300;1.0000
325;34;de;108.300;108.600;0.300;00:01:48.300;00:01:48.600;1.0000
326;34;julio,;108.600;109.040;0.440;00:01:48.600;00:01:49.040;0.9980
327;34;la;109.060;109.880;0.820;00:01:49.060;00:01:49.880;0.9995
328;34;ENOE;109.880;110.280;0.400;00:01:49.880;00:01:50.280;0.7812
329;34;mensual;110.280;110.660;0.380;00:01:50.280;00:01:50.660;1.0000
330;34;de;110.660;110.800;0.140;00:01:50.660;00:01:50.800;1.0000
331;34;julio;110.800;111.220;0.420;00:01:50.800;00:01:51.220;1.0000
332;35;y;111.220;111.740;0.520;00:01:51.220;00:01:51.740;0.8789
333;35;el;111.740;111.800;0.060;00:01:51.740;00:01:51.800;1.0000
334;35;informe;111.800;112.220;0.420;00:01:51.800;00:01:52.220;0.9990
335;35;trimestral;112.220;112.700;0.480;00:01:52.220;00:01:52.700;0.9995
336;35;de;112.700;112.820;0.120;00:01:52.700;00:01:52.820;1.0000
337;35;Banxico,;112.820;113.140;0.320;00:01:52.820;00:01:53.140;0.9668
338;35;en;113.360;113.820;0.460;00:01:53.360;00:01:53.820;0.9990
339;35;el;113.820;113.940;0.120;00:01:53.820;00:01:53.940;1.0000
340;35;cual;113.940;114.100;0.160;00:01:53.940;00:01:54.100;0.9995
341;35;sabremos;114.100;114.520;0.420;00:01:54.100;00:01:54.520;0.9995
342;35;cómo;114.520;114.800;0.280;00:01:54.520;00:01:54.800;0.9990
343;35;ve;114.800;114.980;0.180;00:01:54.800;00:01:54.980;0.9458
344;35;el;114.980;115.100;0.120;00:01:54.980;00:01:55.100;0.9995
345;35;Banco;115.100;115.380;0.280;00:01:55.100;00:01:55.380;0.9834
346;36;Central;115.380;115.540;0.160;00:01:55.380;00:01:55.540;1.0000
347;36;los;115.540;116.160;0.620;00:01:55.540;00:01:56.160;0.9263
348;36;riesgos;116.160;116.580;0.420;00:01:56.160;00:01:56.580;0.9990
349;36;para;116.580;116.740;0.160;00:01:56.580;00:01:56.740;0.9985
350;36;el;116.740;116.880;0.140;00:01:56.740;00:01:56.880;0.9937
351;36;crecimiento;116.880;117.500;0.620;00:01:56.880;00:01:57.500;0.9248
352;36;y;117.500;117.740;0.240;00:01:57.500;00:01:57.740;0.9930
353;36;la;117.740;117.900;0.160;00:01:57.740;00:01:57.900;0.9060
354;36;inflación.;117.900;118.340;0.440;00:01:57.900;00:01:58.340;1.0000
355;37;Finalmente,;119.320;119.840;0.520;00:01:59.320;00:01:59.840;0.5229
356;37;el;119.840;119.940;0.100;00:01:59.840;00:01:59.940;0.9985
357;37;viernes;119.940;120.300;0.360;00:01:59.940;00:02:00.300;0.9995
358;37;cerramos;120.300;120.580;0.280;00:02:00.300;00:02:00.580;0.9697
359;37;con;120.580;120.840;0.260;00:02:00.580;00:02:00.840;0.9995
360;37;las;120.840;120.960;0.120;00:02:00.840;00:02:00.960;0.9985
361;37;finanzas;120.960;121.360;0.400;00:02:00.960;00:02:01.360;0.9844
362;37;públicas;121.360;121.820;0.460;00:02:01.360;00:02:01.820;1.0000
363;37;de;121.820;121.920;0.100;00:02:01.820;00:02:01.920;0.9951
364;37;julio.;121.920;122.300;0.380;00:02:01.920;00:02:02.300;0.9980
365;38;Para;122.440;122.960;0.520;00:02:02.440;00:02:02.960;0.9927
366;38;dimensionar,;122.960;123.720;0.760;00:02:02.960;00:02:03.720;0.9990
367;38;7;123.740;124.340;0.600;00:02:03.740;00:02:04.340;0.9297
368;38;de;124.340;124.500;0.160;00:02:04.340;00:02:04.500;0.9985
369;38;cada;124.500;124.660;0.160;00:02:04.500;00:02:04.660;1.0000
370;38;10;124.660;124.940;0.280;00:02:04.660;00:02:04.940;0.9941
371;38;pesos;124.940;125.160;0.220;00:02:04.940;00:02:05.160;0.9990
372;38;del;125.160;125.360;0.200;00:02:05.160;00:02:05.360;0.9990
373;38;ingreso;125.360;125.680;0.320;00:02:05.360;00:02:05.680;0.9990
374;38;público;125.680;126.060;0.380;00:02:05.680;00:02:06.060;0.9995
375;38;salen;126.060;127.040;0.980;00:02:06.060;00:02:07.040;0.9971
376;38;de;127.040;127.200;0.160;00:02:07.040;00:02:07.200;0.9995
377;39;los;127.200;127.340;0.140;00:02:07.200;00:02:07.340;1.0000
378;39;impuestos;127.340;127.820;0.480;00:02:07.340;00:02:07.820;1.0000
379;39;que;127.820;128.020;0.200;00:02:07.820;00:02:08.020;0.9995
380;39;pagamos,;128.020;128.480;0.460;00:02:08.020;00:02:08.480;1.0000
381;39;donde;128.540;128.940;0.400;00:02:08.540;00:02:08.940;0.9980
382;39;el;128.940;129.120;0.180;00:02:08.940;00:02:09.120;0.9995
383;39;ISR;129.120;129.560;0.440;00:02:09.120;00:02:09.560;0.9849
384;39;aporta;129.560;130.000;0.440;00:02:09.560;00:02:10.000;1.0000
385;39;4;130.000;130.280;0.280;00:02:10.000;00:02:10.280;1.0000
386;39;de;130.280;130.500;0.220;00:02:10.280;00:02:10.500;1.0000
387;39;cada;130.500;130.680;0.180;00:02:10.500;00:02:10.680;1.0000
388;39;10.;130.680;131.000;0.320;00:02:10.680;00:02:11.000;1.0000
389;40;Por;131.220;131.640;0.420;00:02:11.220;00:02:11.640;0.9980
390;40;eso,;131.640;131.920;0.280;00:02:11.640;00:02:11.920;1.0000
391;40;así;132.000;132.320;0.320;00:02:12.000;00:02:12.320;0.9995
392;40;como;132.320;132.560;0.240;00:02:12.320;00:02:12.560;0.9995
393;40;le;132.560;132.700;0.140;00:02:12.560;00:02:12.700;0.9995
394;40;va;132.700;132.840;0.140;00:02:12.700;00:02:12.840;0.9985
395;40;a;132.840;132.900;0.060;00:02:12.840;00:02:12.900;0.8633
396;40;la;132.900;132.960;0.060;00:02:12.900;00:02:12.960;1.0000
397;40;economía,;132.960;133.540;0.580;00:02:12.960;00:02:13.540;1.0000
398;40;así;133.560;134.200;0.640;00:02:13.560;00:02:14.200;1.0000
399;40;le;134.200;134.360;0.160;00:02:14.200;00:02:14.360;1.0000
400;41;va;134.360;134.500;0.140;00:02:14.360;00:02:14.500;1.0000
401;41;a;134.500;134.760;0.260;00:02:14.500;00:02:14.760;1.0000
402;41;las;134.760;134.940;0.180;00:02:14.760;00:02:14.940;0.9995
403;41;finanzas;134.940;135.400;0.460;00:02:14.940;00:02:15.400;1.0000
404;41;públicas;135.400;135.920;0.520;00:02:15.400;00:02:15.920;0.9995
405;41;del;135.920;136.060;0.140;00:02:15.920;00:02:16.060;0.9966
406;41;gobierno.;136.060;136.300;0.240;00:02:16.060;00:02:16.300;0.9985
407;42;Si;136.540;136.720;0.180;00:02:16.540;00:02:16.720;0.9971
408;42;te;136.720;136.800;0.080;00:02:16.720;00:02:16.800;1.0000
409;42;interesan;136.800;137.200;0.400;00:02:16.800;00:02:17.200;0.9980
410;42;estos;137.200;137.380;0.180;00:02:17.200;00:02:17.380;0.9995
411;42;resúmenes;137.380;137.900;0.520;00:02:17.380;00:02:17.900;0.9995
412;42;semanales,;137.900;138.420;0.520;00:02:17.900;00:02:18.420;0.9990
413;42;síguenos;138.600;139.000;0.400;00:02:18.600;00:02:19.000;0.9995
414;42;en;139.000;139.180;0.180;00:02:19.000;00:02:19.180;1.0000
415;42;nuestras;139.180;139.320;0.140;00:02:19.180;00:02:19.320;0.9995
416;42;redes;139.320;139.580;0.260;00:02:19.320;00:02:19.580;1.0000
417;43;sociales;139.580;139.860;0.280;00:02:19.580;00:02:19.860;1.0000
418;43;para;139.860;140.260;0.400;00:02:19.860;00:02:20.260;0.9990
419;43;ir;140.260;140.420;0.160;00:02:20.260;00:02:20.420;0.9990
420;43;analizando;140.420;140.880;0.460;00:02:20.420;00:02:20.880;0.9995
421;43;dato;140.880;141.160;0.280;00:02:20.880;00:02:21.160;0.9932
422;43;por;141.160;141.380;0.220;00:02:21.160;00:02:21.380;0.9990
423;43;dato;141.380;141.640;0.260;00:02:21.380;00:02:21.640;0.9976
424;43;a;141.640;141.780;0.140;00:02:21.640;00:02:21.780;0.9814
425;43;la;141.780;141.820;0.040;00:02:21.780;00:02:21.820;1.0000
426;43;economía;141.820;142.260;0.440;00:02:21.820;00:02:22.260;1.0000
427;43;mexicana.;142.260;142.760;0.500;00:02:22.260;00:02:22.760;0.9995
428;44;Y;142.880;143.140;0.260;00:02:22.880;00:02:23.140;0.9697
429;44;visita;143.140;143.420;0.280;00:02:23.140;00:02:23.420;1.0000
430;44;mexicocomovamos;143.420;144.440;1.020;00:02:23.420;00:02:24.440;0.8330
431;44;.mx;144.440;145.200;0.760;00:02:24.440;00:02:25.200;1.0000
432;44;para;145.200;145.720;0.520;00:02:25.200;00:02:25.720;0.9990
433;44;nuestros;145.720;145.920;0.200;00:02:25.720;00:02:25.920;0.9980
434;44;análisis;145.920;146.520;0.600;00:02:25.920;00:02:26.520;1.0000
435;44;más;146.520;146.780;0.260;00:02:26.520;00:02:26.780;0.9980
436;44;especializados.;146.780;147.120;0.340;00:02:26.780;00:02:27.120;0.7749
437;45;Por;147.120;147.860;0.740;00:02:27.120;00:02:27.860;0.6558
438;45;ejemplo,;147.860;148.320;0.460;00:02:27.860;00:02:28.320;0.9995
439;45;la;148.400;148.660;0.260;00:02:28.400;00:02:28.660;0.9985
440;45;semana;148.660;148.920;0.260;00:02:28.660;00:02:28.920;0.9995
441;45;pasada;148.920;149.400;0.480;00:02:28.920;00:02:29.400;0.9990
442;45;publicamos;149.400;149.880;0.480;00:02:29.400;00:02:29.880;0.9971
443;45;uno;149.880;150.100;0.220;00:02:29.880;00:02:30.100;0.9072
444;45;exclusivamente;150.100;150.760;0.660;00:02:30.100;00:02:30.760;0.9976
445;46;sobre;150.760;151.400;0.640;00:02:30.760;00:02:31.400;0.9971
446;46;la;151.400;151.600;0.200;00:02:31.400;00:02:31.600;0.9985
447;46;informalidad;151.600;152.160;0.560;00:02:31.600;00:02:32.160;0.9980
448;46;laboral.;152.160;152.640;0.480;00:02:32.160;00:02:32.640;1.0000
449;47;Que;152.660;152.780;0.120;00:02:32.660;00:02:32.780;0.6895
450;47;tengas;152.780;153.160;0.380;00:02:32.780;00:02:33.160;1.0000
451;47;un;153.160;153.240;0.080;00:02:33.160;00:02:33.240;0.9995
452;47;excelente;153.240;153.780;0.540;00:02:33.240;00:02:33.780;1.0000
453;47;inicio;153.780;154.140;0.360;00:02:33.780;00:02:34.140;0.9990
454;47;de;154.140;154.180;0.040;00:02:34.140;00:02:34.180;1.0000
455;47;semana.;154.180;154.420;0.240;00:02:34.180;00:02:34.420;0.9995
